mileage,engine,max_power
13.58,2499.0,72.4
15.96,2523.0,62.1
20.77,1248.0,88.76
18.8,1248.0,90.0
23.0,1396.0,90.0
18.3,1991.0,147.9
25.83,1498.0,99.0
26.59,1248.0,74.0
18.6,1197.0,85.8
17.92,1086.0,62.1
12.99,2494.0,100.6
12.99,2494.0,100.6
28.09,1248.0,88.5
14.3,1598.0,103.5
17.0,1591.0,121.3
24.4,1120.0,71.0
23.0,1396.0,90.0
19.33,1248.0,82.4
19.09,1405.0,69.01
17.6,2179.0,153.86
19.3,1248.0,73.9
24.0,1186.0,73.97
20.51,998.0,67.04
18.9,1197.0,81.86
19.0,998.0,66.1
19.7,796.0,35.0
27.39,1248.0,74.0
19.0,998.0,67.1
17.0,1956.0,167.67
15.96,2523.0,62.1
24.0,1120.0,70.0
22.0,1197.0,81.8
18.9,1197.0,82.0
13.4,1794.0,125.0
12.0,2354.0,187.4
15.96,2523.0,63.0
18.9,1197.0,81.86
25.8,1498.0,98.6
13.5,1799.0,130.0
11.5,2982.0,169.0
11.4,2953.0,153.86
25.83,1498.0,99.0
16.78,1995.0,190.0
20.36,1197.0,78.9
19.7,796.0,46.3
17.3,1497.0,121.0
14.1,2179.0,153.86
14.3,1598.0,103.5
19.09,1405.0,69.01
24.3,1248.0,88.5
13.7,2197.0,138.1
20.0,1399.0,68.0
13.5,2179.0,115.0
17.0,1405.0,71.0
16.1,796.0,37.0
22.32,1582.0,126.32
17.0,1405.0,71.0
22.9,1248.0,74.0
22.54,1396.0,88.73
19.33,1248.0,82.4
18.49,1493.0,100.0
23.4,1248.0,74.0
18.9,1197.0,82.0
21.5,1497.0,108.5
18.6,1199.0,79.4
24.3,1248.0,88.5
17.0,1497.0,118.0
15.37,1196.0,73.0
13.93,2179.0,138.03
19.3,1248.0,73.9
24.3,1248.0,88.5
15.4,1497.0,117.3
21.5,1248.0,88.8
16.0,2179.0,140.0
12.7,2179.0,187.7
20.0,1399.0,68.05
23.9,1582.0,126.2
20.77,1248.0,88.76
25.44,936.0,56.3
16.07,1995.0,181.0
17.92,1086.0,62.1
26.59,1248.0,74.0
14.0,2179.0,120.0
18.9,998.0,67.1
19.3,1248.0,73.9
23.4,1248.0,74.0
15.29,1591.0,121.3
16.95,1498.0,97.7
27.3,1498.0,98.6
22.0,1498.0,108.495
14.0,2523.0,75.0
20.63,1198.0,67.0
12.8,2494.0,102.0
26.21,1248.0,88.5
16.78,1995.0,190.0
12.99,2494.0,100.6
18.6,1197.0,81.83
18.9,1061.0,67.0
16.0,2179.0,140.0
19.33,1248.0,82.4
15.04,1598.0,103.6
17.0,1497.0,118.0
22.7,799.0,53.64
20.77,1248.0,88.76
18.2,1199.0,88.7
15.4,2523.0,75.0
19.33,1248.0,82.4
12.99,2494.0,100.6
20.36,1197.0,78.9
18.0,1969.0,190.0
20.0,999.0,72.0
20.77,1248.0,88.76
12.0,2354.0,187.4
28.4,1248.0,74.02
15.96,2523.0,62.1
12.8,1995.0,52.0
17.5,1199.0,88.7
20.0,999.0,71.0
17.3,993.0,60.0
22.0,1197.0,81.8
22.5,999.0,67.0
20.51,998.0,67.04
12.9,1598.0,102.5
28.4,1248.0,74.02
15.8,2148.0,170.0
20.0,1399.0,68.1
14.49,2993.0,258.0
15.4,2523.0,75.0
12.8,2494.0,102.0
18.2,1199.0,88.7
26.21,1248.0,88.5
24.4,1120.0,71.0
20.63,1198.0,67.0
15.37,1196.0,73.0
15.1,2179.0,140.0
19.4,1198.0,86.8
24.0,1186.0,73.97
20.63,1198.0,67.0
13.6,1999.0,177.0
13.6,2523.0,63.0
21.1,814.0,55.2
18.0,995.0,62.0
19.3,1248.0,73.9
12.8,2494.0,102.0
22.0,1197.0,81.8
16.3,1797.0,147.5
19.01,1462.0,103.2
22.9,1248.0,74.0
24.0,1396.0,88.76
23.84,1199.0,84.0
22.54,1396.0,88.73
14.74,1991.0,181.04
20.54,1598.0,103.6
20.4,1248.0,91.7
23.2,1248.0,73.94
18.5,796.0,53.0
19.7,796.0,35.0
20.36,1197.0,78.9
18.2,1199.0,88.7
17.7,1399.0,68.0
16.02,1373.0,93.7
22.1,1248.0,76.9
18.6,1197.0,81.83
24.5,1498.0,98.6
18.5,1197.0,82.85
16.8,1497.0,116.3
12.8,2494.0,102.0
25.44,936.0,57.6
25.0,1396.0,69.0
20.36,1197.0,78.9
19.33,1248.0,82.4
23.2,1248.0,73.94
18.9,1197.0,82.0
19.33,1248.0,82.4
25.44,936.0,57.6
16.8,796.0,34.2
17.3,1998.0,163.7
28.09,1248.0,88.5
13.58,2499.0,72.4
20.0,1399.0,68.0
22.77,1498.0,98.59
13.1,2499.0,141.0
28.4,1248.0,74.02
18.6,1197.0,85.8
13.44,2359.0,198.25
21.21,1197.0,81.8
17.57,1193.0,88.7
19.81,1086.0,68.05
12.05,2179.0,120.0
18.49,1493.0,100.0
16.1,796.0,37.0
21.21,1197.0,81.8
22.9,1248.0,74.0
21.4,1197.0,83.1
19.0,1199.0,88.76
20.54,1598.0,103.6
18.7,1896.0,66.0
17.7,1497.0,78.0
17.0,1198.0,108.5
17.0,1405.0,70.0
17.0,1198.0,108.5
18.16,1196.0,86.8
16.0,2179.0,140.0
19.33,1999.0,177.0
17.0,1497.0,118.0
22.54,1396.0,88.73
17.0,1197.0,110.0
19.81,1086.0,68.05
16.47,1198.0,73.9
17.5,1298.0,85.8
20.36,1197.0,78.9
21.9,1396.0,88.76
16.05,1499.0,110.4
13.9,1599.0,103.2
17.9,2143.0,170.0
23.95,998.0,67.05
19.33,1248.0,82.4
25.0,1396.0,69.01
10.5,2179.0,120.0
24.0,1120.0,70.0
17.92,1086.0,62.1
11.57,2179.0,138.1
11.57,2179.0,138.1
22.37,2487.0,214.56
21.1,814.0,55.2
22.9,1248.0,74.0
15.1,2179.0,140.0
20.5,1248.0,91.7
15.96,2523.0,62.1
21.1,814.0,55.2
11.57,2179.0,138.1
20.63,1198.0,67.0
24.0,1186.0,73.97
21.1,1248.0,73.9
27.3,1498.0,98.6
12.4,1999.0,147.9
17.8,1497.0,117.3
21.1,814.0,55.2
20.52,1197.0,81.8
22.0,1197.0,81.8
22.37,2487.0,214.56
18.9,1061.0,67.0
18.9,1197.0,82.0
17.1,1956.0,170.0
19.33,1248.0,82.4
16.2,995.0,62.1
18.0,1969.0,190.0
19.81,1086.0,68.05
18.9,998.0,67.1
20.36,1197.0,78.9
24.5,1498.0,98.6
17.19,1197.0,81.86
14.0,2498.0,112.0
27.39,1248.0,74.0
28.4,1248.0,74.02
19.4,1194.0,94.93
22.74,796.0,47.3
20.92,998.0,67.1
21.4,1197.0,83.1
12.99,2494.0,100.0
21.9,1396.0,90.0
13.6,2523.0,63.0
17.57,1193.0,88.7
13.68,2393.0,147.8
24.0,1186.0,73.97
12.99,2494.0,100.6
19.5,1199.0,88.76
23.84,1199.0,84.0
15.4,2523.0,75.0
16.1,796.0,37.0
21.64,1461.0,84.8
19.16,2494.0,157.7
19.09,1405.0,69.01
20.14,1197.0,81.86
14.8,2499.0,80.0
20.77,1248.0,88.8
14.7,1150.0,76.0
15.9,1496.0,120.69
14.0,2489.0,95.0
25.83,1498.0,99.0
20.77,1248.0,88.76
19.09,1396.0,69.0
19.7,796.0,46.3
18.6,1197.0,81.83
14.8,1998.0,68.0
19.33,1999.0,177.0
21.1,814.0,55.2
17.57,1193.0,88.7
21.02,1248.0,88.76
14.0,2498.0,112.0
17.92,1086.0,62.1
22.32,1582.0,126.32
22.95,1248.0,74.0
25.6,1498.0,97.9
18.6,1199.0,79.4
18.2,1248.0,73.8
22.32,1582.0,126.32
18.3,1991.0,147.9
13.68,2393.0,147.8
21.01,1197.0,81.8
18.9,1197.0,82.0
16.8,1493.0,110.0
12.8,2494.0,102.0
16.2,1493.0,110.0
21.21,1498.0,103.2
19.33,1248.0,82.4
18.6,1197.0,81.86
20.36,1197.0,78.9
12.99,2494.0,100.6
28.09,1248.0,88.5
16.1,796.0,37.0
23.95,998.0,67.05
14.23,1498.0,104.55
25.17,799.0,53.3
21.1,814.0,55.2
18.9,1061.0,67.0
23.95,998.0,67.05
14.1,2179.0,147.94
22.95,1248.0,74.0
19.7,796.0,46.3
11.5,1991.0,147.9
16.0,995.0,63.0
19.01,1461.0,108.5
21.79,998.0,67.05
19.09,1396.0,69.0
20.36,1197.0,78.9
19.81,1086.0,68.05
21.4,1197.0,83.1
16.78,1496.0,88.73
13.1,1493.0,82.0
18.2,1199.0,82.5
16.7,1198.0,88.8
22.74,796.0,47.3
18.06,2523.0,63.0
18.16,1196.0,86.8
17.2,1968.0,138.1
25.01,1498.0,89.75
20.3,998.0,68.05
13.44,2359.0,198.25
25.4,624.0,37.5
16.36,1495.0,93.7
18.2,1199.0,84.8
15.96,2523.0,62.1
16.8,796.0,34.2
24.0,1120.0,70.0
14.8,2143.0,120.7
25.01,1498.0,89.75
13.68,2393.0,147.8
22.32,1582.0,126.32
15.2,1193.0,65.0
21.21,1197.0,81.8
25.4,624.0,37.48
12.99,2494.0,100.0
18.4,1248.0,75.0
20.3,998.0,68.05
15.1,2179.0,152.87
19.7,796.0,46.3
16.1,796.0,37.0
18.15,1198.0,82.0
22.77,1498.0,98.59
25.5,1498.0,98.6
23.4,1248.0,74.0
13.5,2477.0,178.0
13.9,1599.0,103.2
15.3,2956.0,83.83
20.89,1197.0,81.8
23.0,1498.0,98.96
23.0,1498.0,98.96
18.0,1969.0,190.0
15.1,2179.0,140.0
18.6,1197.0,81.83
18.5,1197.0,85.8
22.74,796.0,47.3
12.05,2179.0,120.0
22.32,1582.0,126.32
19.0,998.0,67.1
19.1,1197.0,85.8
23.57,1396.0,70.0
15.4,2179.0,120.0
14.9,1991.0,112.2
19.16,2494.0,157.7
21.63,998.0,67.04
28.4,1248.0,74.02
22.54,1396.0,88.73
13.44,2359.0,198.25
24.52,1248.0,88.5
18.5,1198.0,86.8
16.1,796.0,37.0
21.21,1197.0,81.8
21.7,1498.0,98.96
22.54,1396.0,88.73
18.0,995.0,62.0
19.33,1248.0,82.4
19.7,796.0,46.3
19.0,998.0,66.1
22.74,796.0,47.3
21.03,1461.0,65.0
18.5,1197.0,80.0
15.0,1991.0,194.4
18.7,1896.0,66.0
15.1,2179.0,140.0
14.0,2498.0,112.0
16.1,1197.0,85.0
22.0,1197.0,81.8
24.0,1186.0,73.97
16.78,1995.0,190.0
25.17,799.0,53.3
24.4,1120.0,71.0
21.1,814.0,55.2
17.0,1405.0,70.0
22.32,1582.0,126.32
15.1,2179.0,140.0
17.0,1197.0,108.6
22.0,999.0,67.0
26.59,1248.0,74.0
20.77,1248.0,88.76
18.2,1248.0,73.8
28.09,1248.0,88.5
21.38,1396.0,88.7
19.1,1405.0,70.0
24.3,1248.0,88.5
13.6,2523.0,63.0
20.4,1197.0,81.8
15.1,2179.0,152.87
21.21,1197.0,81.8
19.09,1396.0,69.0
23.1,998.0,67.04
21.9,1498.0,98.6
19.0,1248.0,90.0
14.3,1598.0,103.5
14.09,1596.0,99.6
19.16,2494.0,157.7
24.3,1248.0,88.5
23.59,1364.0,67.04
20.77,1248.0,88.76
11.5,2982.0,171.0
22.74,796.0,47.3
17.8,1086.0,63.0
21.1,1248.0,73.9
20.51,998.0,67.04
20.3,1086.0,68.0
25.8,1498.0,98.6
18.0,995.0,62.0
21.21,1197.0,81.8
14.0,2179.0,138.1
14.1,2179.0,147.94
16.07,1995.0,181.0
12.05,2179.0,120.0
19.33,1999.0,177.0
22.0,1197.0,81.8
25.0,1396.0,69.01
24.7,796.0,47.3
18.9,1197.0,82.0
22.74,796.0,47.3
25.4,1186.0,73.97
12.99,2494.0,100.6
15.0,1586.0,104.68
17.0,1497.0,121.36
23.2,1248.0,73.94
17.5,1199.0,88.7
16.0,1368.0,160.0
16.78,1995.0,190.0
12.0,1493.0,100.0
24.7,796.0,47.3
16.47,1198.0,73.9
22.77,1498.0,98.59
18.4,1248.0,75.0
18.9,1197.0,82.0
19.7,796.0,46.3
15.4,2179.0,120.0
22.0,1197.0,81.8
24.3,1248.0,88.5
20.2,998.0,67.1
17.19,1197.0,81.86
18.7,1199.0,88.7
19.4,1405.0,70.0
19.7,796.0,46.3
22.1,1248.0,76.9
19.81,1086.0,68.05
12.55,2982.0,168.5
20.8,1527.0,58.0
22.7,1498.0,89.84
19.3,1248.0,73.9
19.33,1248.0,82.4
12.99,2494.0,100.6
25.01,1498.0,89.75
21.7,998.0,67.0
14.0,2489.0,95.0
18.9,1197.0,81.86
19.3,1248.0,73.9
23.95,998.0,67.05
10.5,2179.0,120.0
18.6,1199.0,79.4
15.4,1497.0,117.3
18.49,1493.0,100.0
17.4,1197.0,81.86
23.4,1248.0,74.0
22.0,1197.0,81.8
19.33,1248.0,82.4
19.1,1197.0,85.8
11.36,2755.0,171.5
28.4,1248.0,74.02
18.9,1197.0,82.0
20.5,1598.0,105.0
25.2,1248.0,74.0
18.9,998.0,67.1
25.1,1498.0,98.6
24.0,1186.0,73.97
16.1,1197.0,85.0
28.4,1248.0,74.02
15.4,1997.0,120.0
25.17,799.0,53.3
15.1,2179.0,140.0
20.45,1461.0,83.8
19.33,1248.0,0.0
19.81,1086.0,68.05
18.5,1197.0,82.85
18.6,1197.0,81.83
19.7,1598.0,103.6
17.0,1198.0,108.5
13.93,2179.0,138.1
21.1,814.0,55.2
25.17,799.0,53.3
13.0,2489.0,95.0
18.9,1197.0,82.0
17.5,1199.0,88.7
23.4,1248.0,74.0
18.49,1493.0,100.0
20.77,1248.0,88.76
18.2,1061.0,64.0
28.09,1248.0,88.5
24.7,796.0,47.3
15.1,2179.0,140.0
13.1,1795.0,127.0
20.89,1197.0,81.8
17.01,1591.0,121.3
19.33,1248.0,82.4
13.6,2523.0,63.0
19.7,796.0,46.3
16.78,1995.0,190.0
13.5,1799.0,130.0
20.14,1197.0,81.86
12.99,2494.0,100.6
26.59,1248.0,74.0
13.8,1399.0,68.0
13.1,1781.0,149.5
18.0,1497.0,117.6
25.44,936.0,57.6
12.05,2179.0,120.0
13.58,2499.0,72.4
15.5,1799.0,132.0
16.5,1499.0,110.0
15.1,2179.0,140.0
21.5,1498.0,108.5
16.78,1995.0,190.0
22.0,1197.0,81.8
19.1,1197.0,82.0
21.01,1197.0,81.8
17.4,1197.0,81.86
17.7,1497.0,78.0
26.0,624.0,35.0
19.33,1248.0,82.4
20.0,1399.0,68.0
13.68,2393.0,147.8
24.3,1248.0,88.5
22.32,1582.0,126.32
17.4,1497.0,117.6
24.52,1248.0,88.5
14.3,1598.0,103.5
23.95,998.0,67.05
22.0,1197.0,81.8
18.9,998.0,67.1
20.92,998.0,67.1
20.63,1198.0,67.0
19.3,1248.0,73.9
19.33,1248.0,82.4
21.1,1248.0,73.9
12.05,2179.0,120.0
22.32,1582.0,126.32
23.0,1396.0,90.0
24.0,1186.0,73.97
18.5,1198.0,86.8
28.09,1248.0,88.5
18.2,1199.0,88.7
16.95,1498.0,97.7
19.33,1999.0,177.0
25.1,1248.0,88.5
12.99,2494.0,100.6
25.6,1498.0,97.9
15.37,1196.0,73.0
23.03,1396.0,69.0
22.7,1582.0,126.24
21.79,998.0,67.05
14.2,1597.0,92.0
15.1,2179.0,140.0
19.7,796.0,46.3
18.6,1197.0,81.83
23.03,1396.0,69.0
16.55,2498.0,105.0
19.7,796.0,46.3
23.01,999.0,67.0
15.37,1196.0,73.0
20.5,1598.0,103.5
16.8,1984.0,150.0
12.83,2696.0,162.0
19.33,1248.0,82.4
11.57,2179.0,138.1
21.7,1498.0,98.96
15.37,1196.0,73.0
23.57,1396.0,70.0
15.96,2523.0,62.1
19.33,1248.0,82.4
22.32,1582.0,126.32
18.0,1969.0,190.0
19.67,1582.0,126.2
25.0,1396.0,69.01
13.93,2179.0,138.0
18.06,1198.0,75.0
22.74,796.0,47.3
21.1,814.0,55.2
19.33,1248.0,82.4
18.0,1969.0,190.0
12.99,2494.0,100.6
22.0,1197.0,81.8
21.9,1396.0,88.76
21.1,814.0,55.2
20.51,998.0,67.04
20.51,998.0,67.0
15.29,1591.0,121.3
18.9,1197.0,82.0
28.09,1248.0,88.5
17.0,1405.0,71.0
23.01,999.0,67.0
19.0,998.0,66.1
17.0,1197.0,80.0
20.92,998.0,67.1
18.2,1199.0,88.7
20.14,1197.0,81.86
28.4,1248.0,74.02
25.2,1248.0,74.0
17.7,1497.0,78.0
21.5,1497.0,108.5
22.54,1396.0,88.73
17.01,1591.0,121.3
16.0,995.0,63.0
24.5,1498.0,98.6
13.58,2499.0,72.4
17.7,1497.0,113.42
18.6,1197.0,81.83
21.1,814.0,55.2
20.52,1197.0,81.8
18.0,1969.0,190.0
18.9,998.0,67.1
25.5,1498.0,98.6
18.6,1197.0,81.83
19.0,1199.0,88.76
12.2,1994.0,105.3
18.9,1197.0,81.86
28.09,1248.0,88.5
22.95,1248.0,74.0
24.3,1248.0,88.5
19.01,1461.0,108.45
15.4,2179.0,120.0
20.77,1248.0,88.76
14.0,2498.0,112.0
16.8,1405.0,62.0
24.52,1248.0,88.5
12.05,2179.0,120.0
18.6,1197.0,85.8
18.6,1197.0,85.8
19.01,1461.0,108.5
23.4,1248.0,74.0
22.3,1248.0,74.0
23.95,998.0,67.05
20.3,1086.0,68.0
21.64,1461.0,84.8
19.7,796.0,46.3
18.2,1199.0,88.7
18.15,1198.0,82.0
18.9,1197.0,82.0
15.0,1368.0,90.0
22.0,1197.0,81.8
12.99,2494.0,100.0
16.1,796.0,37.0
19.33,1248.0,82.4
19.0,1197.0,85.8
17.09,2993.0,261.4
13.93,2179.0,138.03
12.05,2179.0,120.0
11.79,2179.0,120.0
24.4,1120.0,71.0
25.47,1248.0,88.5
24.3,1248.0,88.5
20.0,999.0,72.0
12.9,1598.0,102.5
12.8,2494.0,102.0
16.8,1984.0,150.0
24.3,1248.0,88.5
17.5,1197.0,85.8
22.32,1582.0,126.3
20.36,1197.0,78.9
20.07,1461.0,75.0
19.16,2494.0,157.7
15.3,1596.0,99.6
21.4,1197.0,83.1
13.93,2179.0,138.1
20.3,1086.0,68.0
22.9,1248.0,74.0
22.37,2487.0,214.56
19.09,1396.0,69.0
23.2,1248.0,73.94
21.4,1197.0,83.1
19.1,1197.0,82.0
28.09,1248.0,88.5
15.6,1196.0,70.0
14.0,796.0,37.5
17.0,1497.0,121.31
19.0,998.0,66.1
11.5,2982.0,171.0
18.6,1388.0,67.0
19.81,1086.0,68.05
23.4,1248.0,74.0
12.99,2494.0,100.6
18.5,1198.0,86.8
11.5,2982.0,171.0
20.0,1399.0,68.1
15.4,1997.0,120.0
20.54,1598.0,103.6
20.0,1399.0,68.0
21.4,1197.0,83.1
20.85,1197.0,83.14
18.2,1248.0,73.74
24.3,1248.0,88.5
19.7,796.0,46.3
19.33,1248.0,82.4
18.0,995.0,62.0
25.2,1248.0,74.0
25.8,1498.0,98.6
16.2,1199.0,74.0
15.3,1341.0,83.0
18.6,1197.0,81.83
17.4,1497.0,117.6
12.2,1948.0,68.0
23.65,1248.0,88.5
23.1,998.0,67.04
21.2,1248.0,75.0
23.84,1199.0,84.0
24.3,1248.0,88.5
22.74,796.0,47.3
12.99,2494.0,100.6
25.17,799.0,53.3
18.16,1196.0,86.8
22.0,1197.0,81.8
19.7,796.0,46.3
15.4,2179.0,120.0
20.77,1248.0,88.8
21.66,1498.0,108.62
21.79,998.0,67.05
16.78,1995.0,190.0
15.42,1405.0,70.0
17.57,1193.0,88.7
18.9,1197.0,82.0
16.1,1298.0,88.2
19.7,796.0,46.3
23.01,999.0,67.0
19.01,1461.0,108.45
16.1,796.0,37.0
17.0,1197.0,80.0
23.59,1364.0,67.1
21.21,1197.0,81.8
20.51,998.0,67.04
22.74,796.0,47.3
25.6,1498.0,97.9
17.4,1599.0,104.0
18.2,1199.0,88.7
16.8,1405.0,62.0
18.2,1199.0,88.7
19.7,796.0,46.3
21.79,998.0,67.05
21.1,814.0,55.2
12.6,1586.0,103.3
23.95,998.0,67.05
20.0,1399.0,68.05
15.1,2179.0,152.87
27.4,1498.0,98.63
27.39,1248.0,74.0
24.52,1248.0,88.5
12.2,1948.0,68.0
22.0,1582.0,126.2
19.33,1248.0,82.4
25.44,936.0,56.3
16.78,1995.0,190.0
15.3,2956.0,83.83
23.59,1364.0,67.05
25.17,799.0,53.3
18.0,1497.0,117.3
25.2,1248.0,74.0
18.5,1197.0,82.85
22.54,1396.0,88.73
15.3,1341.0,83.0
20.52,1197.0,81.8
16.8,1984.0,150.0
21.4,1197.0,83.1
20.36,1197.0,78.9
11.79,2179.0,120.0
18.6,1199.0,79.4
13.5,2987.0,254.79
23.4,1248.0,74.0
24.3,1248.0,88.5
21.64,1461.0,84.8
16.8,1497.0,118.0
21.01,1197.0,81.8
26.21,1248.0,88.5
22.32,1582.0,126.32
20.51,998.0,67.04
18.2,1248.0,73.74
18.2,1061.0,64.0
22.0,1197.0,81.8
19.33,1248.0,82.4
13.2,1495.0,94.0
18.5,1197.0,82.85
18.6,1197.0,81.83
12.55,2982.0,168.7
26.0,624.0,35.0
20.0,1399.0,68.0
26.59,1248.0,74.0
17.0,1405.0,70.0
19.01,1461.0,108.45
27.3,1498.0,98.6
20.0,1399.0,68.0
17.8,1399.0,67.0
13.9,1599.0,103.2
13.1,2499.0,141.0
17.21,1493.0,100.0
22.0,1197.0,81.8
19.0,998.0,66.1
13.49,2179.0,138.03
11.79,2179.0,120.0
11.36,2755.0,171.5
17.0,1197.0,81.86
23.5,1498.0,88.7
17.8,1248.0,75.0
27.39,1248.0,74.0
16.0,2179.0,140.0
15.05,2179.0,147.9
22.37,2487.0,214.56
13.1,2499.0,141.0
16.47,1198.0,73.9
15.96,2523.0,62.1
17.8,1248.0,75.0
23.2,1248.0,73.94
15.04,2755.0,174.5
22.5,999.0,67.0
20.3,1199.0,84.0
23.2,1248.0,73.94
14.0,2498.0,112.0
15.1,2179.0,140.0
17.8,1198.0,86.7
23.0,1396.0,90.0
19.67,1582.0,126.2
25.44,936.0,57.6
25.17,799.0,53.3
15.4,1997.0,120.0
25.0,1396.0,69.0
14.0,2498.0,112.0
19.33,1248.0,82.4
16.95,1197.0,78.9
22.07,1199.0,73.9
25.8,1498.0,98.6
17.2,1396.0,53.5
15.3,1341.0,83.0
19.7,796.0,46.3
16.8,1984.0,150.0
22.0,1197.0,81.8
21.19,1396.0,88.73
15.8,1499.0,110.0
17.19,1197.0,81.86
11.36,2755.0,171.5
19.7,796.0,46.3
17.0,1461.0,66.0
17.88,1405.0,48.21
23.4,1248.0,74.0
21.43,1364.0,87.2
14.1,2179.0,147.94
15.4,1997.0,120.0
16.78,1995.0,190.0
20.36,1197.0,78.9
18.6,1197.0,81.83
18.9,1197.0,81.86
21.04,1461.0,83.8
16.0,2179.0,140.0
19.5,1199.0,88.76
14.1,2179.0,147.94
19.81,1086.0,68.05
20.51,998.0,67.04
12.8,2494.0,102.0
26.0,1498.0,98.6
21.4,1197.0,83.1
26.59,1248.0,74.0
21.4,1197.0,83.1
26.0,1498.0,98.6
14.3,1598.0,103.5
22.74,796.0,47.3
19.0,1405.0,71.0
18.6,1197.0,81.83
12.8,2494.0,102.0
17.88,1396.0,52.8
21.63,998.0,67.0
23.9,1582.0,126.32
21.1,1248.0,73.9
17.6,1496.0,88.73
17.57,1193.0,88.7
17.1,1956.0,170.0
22.9,1248.0,74.0
16.6,1896.0,122.4
18.8,1248.0,90.0
19.81,1086.0,68.05
17.8,1497.0,117.3
18.9,1197.0,82.0
20.51,998.0,67.04
15.4,2179.0,120.0
16.1,796.0,37.0
18.9,1197.0,82.0
23.57,1396.0,70.0
19.1,1197.0,85.8
20.51,998.0,67.04
15.37,1196.0,73.0
24.0,1186.0,73.97
17.2,1197.0,103.6
24.7,1047.0,69.0
20.3,1199.0,84.0
25.4,1186.0,73.97
13.7,1997.0,153.86
13.6,2523.0,63.0
19.3,1248.0,73.9
15.7,1390.0,75.0
21.21,1197.0,81.8
27.39,1248.0,74.0
15.64,1193.0,64.08
28.4,1248.0,74.0
25.32,1198.0,77.0
17.0,1405.0,71.0
19.1,1197.0,85.8
16.8,1497.0,116.3
25.47,1248.0,88.5
14.1,2179.0,147.94
17.92,1086.0,62.1
17.0,1197.0,110.0
21.21,1197.0,81.8
20.92,998.0,67.1
24.7,796.0,47.3
19.3,1248.0,73.9
22.9,1248.0,74.0
17.0,1197.0,80.0
13.1,1493.0,82.0
11.36,2755.0,171.5
26.1,1498.0,99.23
18.6,1197.0,81.83
15.96,2523.0,63.0
18.9,1197.0,82.0
18.0,995.0,62.0
25.2,1248.0,74.0
13.6,2523.0,63.0
22.48,1995.0,187.74
14.8,1591.0,121.3
22.7,1498.0,89.84
16.78,1496.0,88.73
22.37,2487.0,214.56
22.0,1197.0,81.8
23.01,999.0,67.0
12.8,2494.0,102.0
26.59,1248.0,74.0
22.0,1197.0,81.8
13.6,2523.0,63.0
14.7,1798.0,177.5
20.36,1197.0,78.9
16.78,1995.0,190.0
11.4,2953.0,153.86
20.54,1598.0,103.6
21.21,1197.0,81.8
18.9,1197.0,81.86
14.1,2179.0,147.94
15.96,2523.0,62.1
21.27,1396.0,88.76
21.64,1461.0,84.8
21.1,814.0,55.2
23.95,998.0,67.05
18.6,1197.0,81.83
18.9,998.0,67.1
19.0,998.0,67.1
27.39,1248.0,74.0
26.59,1248.0,74.0
17.71,1197.0,78.9
28.4,1248.0,74.0
20.54,1598.0,103.6
24.3,1248.0,88.5
21.02,1248.0,88.76
12.05,2179.0,120.0
16.1,796.0,37.0
15.1,2179.0,140.0
14.0,796.0,35.0
20.54,1598.0,103.6
28.4,1248.0,74.02
18.9,1061.0,67.0
23.95,998.0,67.05
19.09,1405.0,69.01
19.1,1405.0,70.0
21.1,814.0,55.2
19.33,1248.0,82.4
17.5,1197.0,85.8
22.77,1498.0,98.59
23.95,998.0,67.05
19.33,1999.0,177.0
21.1,814.0,55.2
16.8,1493.0,110.0
20.92,998.0,67.1
27.28,1047.0,69.0
15.96,2523.0,62.1
19.3,1248.0,73.9
21.9,1396.0,90.0
12.8,2494.0,102.0
23.4,1248.0,74.0
18.6,1197.0,81.83
20.5,1248.0,91.72
23.95,998.0,67.1
22.37,2487.0,214.56
17.1,1591.0,121.3
25.32,1198.0,77.0
19.01,1461.0,108.45
16.36,1495.0,93.7
21.21,1197.0,81.8
25.83,1498.0,99.0
19.33,1248.0,82.4
15.4,1997.0,120.0
20.3,1199.0,84.0
19.33,1999.0,177.0
18.9,998.0,67.0
21.66,1498.0,108.62
15.96,2523.0,62.1
28.09,1248.0,88.5
16.1,796.0,37.0
19.0,1194.0,94.68
17.01,1499.0,110.5
28.09,1248.0,88.5
22.77,1498.0,98.59
21.9,1498.0,98.6
19.7,796.0,46.3
15.04,1598.0,103.6
12.99,2494.0,100.6
17.1,1956.0,170.0
17.5,1298.0,85.8
20.0,999.0,72.0
19.7,796.0,35.0
18.5,796.0,53.0
18.49,1493.0,100.0
23.1,998.0,67.04
25.32,1198.0,77.0
24.7,1047.0,69.0
16.78,1995.0,190.0
18.6,1197.0,81.83
19.0,1199.0,88.76
19.09,1396.0,69.0
14.0,2523.0,83.0
25.2,1248.0,74.0
13.6,1999.0,177.0
19.33,1248.0,0.0
16.1,1405.0,70.0
15.96,2523.0,62.1
15.4,1997.0,120.0
12.2,1948.0,68.0
22.0,1197.0,81.8
10.91,3198.0,197.0
19.67,1582.0,126.2
18.15,1198.0,82.0
18.49,1493.0,100.0
18.9,1061.0,67.0
21.1,1248.0,73.9
22.74,796.0,47.3
15.96,2523.0,62.1
14.1,2179.0,147.94
27.39,1248.0,74.0
17.6,1496.0,88.7
19.08,1582.0,126.32
14.3,1598.0,103.5
15.37,1196.0,73.0
19.02,1198.0,67.05
18.6,1197.0,81.83
19.87,1461.0,83.8
21.1,814.0,55.2
13.55,2179.0,118.35
24.7,796.0,47.3
19.1,1197.0,85.8
20.4,1248.0,91.7
19.3,1248.0,73.9
13.6,2523.0,63.0
18.6,1197.0,81.83
24.0,1120.0,70.0
15.4,2179.0,120.0
11.57,2179.0,138.1
18.2,1199.0,88.7
21.1,814.0,55.2
25.1,1248.0,88.5
19.7,796.0,46.3
18.9,1061.0,67.0
13.6,1999.0,177.0
20.4,1248.0,91.7
21.4,1197.0,83.1
22.54,1396.0,88.76
21.1,814.0,55.2
23.2,1248.0,73.94
13.58,2499.0,72.4
22.74,796.0,47.3
16.2,995.0,62.1
12.99,2494.0,100.6
16.38,1995.0,183.0
12.99,2494.0,100.0
20.3,998.0,68.05
16.1,796.0,37.0
24.8,1396.0,88.7
17.5,1396.0,70.0
21.21,1197.0,81.8
14.0,2523.0,75.0
23.95,998.0,67.05
17.0,1405.0,71.0
20.54,1598.0,103.6
18.9,998.0,67.1
17.01,1591.0,121.4
27.28,1047.0,69.0
20.0,1399.0,68.0
13.5,1799.0,130.0
23.65,1248.0,88.5
26.0,1498.0,98.6
18.5,1197.0,82.85
18.5,1197.0,82.85
21.0,1498.0,74.96
24.52,1248.0,88.5
17.0,1956.0,167.67
23.84,1199.0,84.0
21.04,1461.0,83.8
19.3,1248.0,73.9
20.77,1248.0,88.8
19.0,998.0,66.1
12.7,2609.0,116.6
12.8,2494.0,102.0
26.0,1498.0,98.6
18.49,1493.0,100.0
20.63,1198.0,67.0
20.36,1197.0,78.9
18.6,1197.0,81.83
18.9,1197.0,81.86
18.49,1493.0,100.0
19.67,1582.0,126.2
14.8,1591.0,121.3
13.6,1999.0,177.0
22.54,1396.0,88.73
27.39,1248.0,74.0
13.1,1493.0,82.0
17.0,1197.0,80.0
19.33,1248.0,82.4
19.02,1198.0,67.05
15.26,1150.0,74.9
25.4,624.0,37.48
22.0,1197.0,81.8
19.09,1396.0,69.0
18.9,1061.0,67.0
23.08,1461.0,63.12
19.4,1198.0,86.8
18.9,998.0,67.1
23.8,1499.0,98.97
20.4,1197.0,81.8
15.1,2179.0,140.0
28.4,1248.0,74.0
17.4,1497.0,117.3
19.33,1248.0,82.4
16.7,1172.0,64.1
18.6,1199.0,76.8
10.75,2694.0,163.7
16.5,1493.0,70.0
21.04,1461.0,83.8
21.1,1248.0,73.9
21.5,1497.0,108.5
15.96,2523.0,63.0
21.9,624.0,37.48
21.14,1498.0,103.52
23.08,1461.0,63.1
27.28,1047.0,69.0
20.51,998.0,67.0
12.05,2179.0,120.0
22.32,1582.0,126.3
23.59,1364.0,67.05
18.49,1493.0,100.0
13.0,2489.0,95.0
15.0,1086.0,66.6
16.78,1496.0,88.73
19.1,1405.0,70.0
13.0,2982.0,168.5
21.38,1396.0,88.7
19.81,1086.0,68.05
21.4,1197.0,83.1
22.54,1396.0,88.73
22.07,1199.0,73.9
12.8,2494.0,102.0
12.55,2982.0,168.5
14.09,1596.0,99.6
15.8,1591.0,121.3
18.8,1248.0,90.0
24.4,1120.0,71.01
24.4,1120.0,71.0
22.0,1197.0,81.8
25.47,1248.0,88.5
13.5,2477.0,175.56
16.8,1405.0,62.0
15.3,1596.0,99.6
15.0,1368.0,90.0
13.6,2523.0,63.0
24.7,796.0,47.3
22.9,1248.0,74.0
20.3,998.0,68.05
19.0,1199.0,88.76
28.4,1248.0,74.0
19.1,1197.0,85.8
18.6,1197.0,81.86
15.4,2523.0,75.0
22.77,1498.0,98.59
13.96,1451.0,141.0
22.54,1396.0,88.73
21.5,1497.0,108.5
12.8,2494.0,102.0
25.8,1498.0,98.6
17.01,1968.0,188.0
17.45,1493.0,100.0
21.63,998.0,67.04
28.4,1248.0,74.0
12.55,2982.0,168.5
18.0,1969.0,190.0
20.14,1197.0,81.86
20.3,1199.0,84.0
22.0,1197.0,81.8
18.9,1197.0,82.0
22.54,1396.0,88.73
12.8,2494.0,102.0
21.5,1248.0,88.8
16.47,1198.0,73.9
20.54,1598.0,103.6
19.33,1248.0,82.4
18.25,1968.0,187.74
15.1,2179.0,140.0
21.21,1197.0,81.8
15.96,2523.0,62.1
19.3,1248.0,73.9
24.3,1248.0,88.5
23.8,1498.0,78.9
20.63,1198.0,67.0
19.64,1461.0,108.45
20.92,998.0,67.1
14.0,2179.0,138.1
17.7,1497.0,78.0
17.19,1197.0,81.86
18.9,1197.0,81.86
14.3,1598.0,103.5
24.7,796.0,47.3
28.09,1248.0,88.5
15.0,1586.0,104.68
22.07,1199.0,73.9
24.7,1047.0,69.0
22.32,1582.0,126.32
21.02,1248.0,88.76
18.9,1197.0,82.0
22.54,1396.0,88.76
18.5,1197.0,80.0
17.19,1197.0,81.86
20.37,1461.0,108.45
24.7,796.0,47.3
21.9,1396.0,88.76
20.3,1199.0,84.0
23.4,1248.0,74.0
16.8,1984.0,150.0
25.17,799.0,53.3
18.9,1061.0,67.0
18.9,1197.0,81.86
21.1,814.0,55.2
19.87,1461.0,83.14
14.0,2179.0,138.1
13.7,1991.0,183.0
14.1,2179.0,147.94
18.9,1197.0,82.0
15.5,1586.0,103.3
23.0,1498.0,98.96
20.36,1197.0,78.9
21.79,998.0,67.05
13.6,2523.0,63.0
19.33,1999.0,177.0
15.37,1196.0,73.0
19.33,1248.0,82.4
25.17,799.0,53.3
24.4,1120.0,71.0
11.79,2179.0,120.0
28.4,1248.0,74.02
25.32,1198.0,77.0
16.1,796.0,37.0
17.7,1497.0,78.0
20.85,1197.0,83.14
24.3,1248.0,88.5
18.0,1497.0,117.6
16.1,796.0,37.0
23.57,1396.0,70.0
22.0,1197.0,81.8
20.36,1197.0,78.9
19.01,1462.0,103.2
24.3,1248.0,88.5
24.3,1248.0,88.5
20.52,1197.0,81.8
22.74,796.0,47.3
12.99,2494.0,100.6
17.0,1197.0,80.0
25.2,1248.0,74.0
18.6,1197.0,81.86
17.4,1497.0,117.6
15.96,2523.0,62.1
17.92,1086.0,62.1
24.7,796.0,47.3
16.1,796.0,37.0
17.0,1197.0,80.0
19.7,796.0,46.3
19.67,1582.0,126.2
19.3,1248.0,73.9
17.5,1373.0,91.1
16.78,1496.0,88.73
15.96,2523.0,62.1
25.5,1498.0,99.23
17.2,1396.0,53.5
22.9,1248.0,74.0
18.9,998.0,67.1
21.9,1396.0,88.8
17.19,1197.0,81.86
19.0,1194.0,94.68
17.0,1197.0,80.0
14.1,2179.0,147.94
17.5,1199.0,88.7
13.49,2179.0,138.03
16.78,1995.0,190.0
21.1,1248.0,73.9
23.59,1364.0,67.05
25.17,799.0,53.3
11.57,2179.0,138.1
16.3,1797.0,147.5
16.1,796.0,37.0
13.7,1798.0,157.75
17.4,1197.0,81.86
23.4,1248.0,74.0
14.3,1598.0,103.5
20.73,1373.0,91.1
20.92,998.0,67.1
23.01,999.0,67.0
25.17,799.0,53.3
17.0,1591.0,121.3
17.4,1497.0,117.6
15.96,2523.0,63.0
22.32,1582.0,126.32
22.54,1396.0,88.73
19.09,1405.0,69.01
14.84,2143.0,170.0
22.54,1396.0,88.73
23.0,1498.0,98.96
23.57,1396.0,70.0
26.59,1248.0,74.0
17.5,1298.0,85.8
23.95,998.0,67.05
16.8,1493.0,110.0
15.04,2755.0,174.5
19.1,1197.0,82.0
20.77,1248.0,88.8
11.1,2354.0,158.8
19.33,1248.0,82.4
14.8,1998.0,68.0
16.02,1373.0,93.7
14.53,1794.0,138.1
17.01,1968.0,188.0
25.0,1396.0,69.0
18.9,998.0,67.1
21.1,814.0,55.2
15.64,1193.0,64.1
11.36,2755.0,171.5
24.7,796.0,47.3
17.5,1373.0,91.1
28.4,1248.0,74.02
20.0,1497.0,115.0
24.7,796.0,47.3
20.89,1197.0,81.8
18.2,1199.0,88.7
17.8,1399.0,68.0
14.02,2179.0,118.3
18.9,1061.0,67.0
22.74,796.0,47.3
20.3,1199.0,84.0
17.1,1496.0,105.5
26.59,1248.0,74.0
15.3,1396.0,70.0
23.95,998.0,67.05
11.96,1298.0,80.0
16.0,1368.0,160.0
16.0,2179.0,140.0
22.0,1197.0,81.8
26.0,1498.0,98.6
28.4,1248.0,74.02
16.0,1198.0,90.0
16.55,2498.0,105.0
24.8,1396.0,88.7
14.3,1598.0,103.5
14.3,1598.0,103.5
23.84,1199.0,83.83
20.51,998.0,67.04
17.57,1193.0,88.7
23.08,1461.0,63.12
22.0,1498.0,108.495
15.1,2179.0,140.0
25.44,936.0,56.3
20.77,1248.0,88.76
18.0,1969.0,190.0
20.4,1197.0,81.8
20.54,1598.0,103.6
17.3,1061.0,64.0
22.74,796.0,47.3
17.8,1248.0,75.0
22.54,1396.0,88.73
18.16,1196.0,86.8
19.1,1197.0,82.0
18.6,1197.0,81.83
17.71,1197.0,78.9
22.9,1248.0,74.0
14.1,2179.0,148.0
18.9,1197.0,82.0
20.51,998.0,67.04
17.21,1197.0,103.6
19.3,1248.0,73.9
16.52,1991.0,123.7
18.9,1197.0,82.0
20.4,1197.0,81.8
15.8,1591.0,121.3
18.9,1061.0,67.0
18.3,1991.0,147.9
17.7,1497.0,78.0
25.17,799.0,53.3
20.92,998.0,67.1
19.7,796.0,46.3
25.1,1248.0,88.5
16.0,1368.0,160.77
25.2,1248.0,74.0
18.5,1197.0,85.8
25.32,1198.0,77.0
18.6,1197.0,81.83
22.54,1396.0,88.73
16.55,1968.0,147.51
19.02,1198.0,67.05
17.3,1497.0,121.0
24.7,796.0,47.3
18.9,1061.0,67.0
16.78,1995.0,190.0
20.92,998.0,67.1
16.8,1497.0,116.3
25.83,1498.0,99.0
17.8,1399.0,68.0
14.53,1798.0,138.1
19.7,796.0,46.3
20.89,1197.0,81.8
13.6,1999.0,177.0
20.14,1197.0,81.86
11.5,2982.0,171.0
22.0,1197.0,81.8
23.84,1199.0,84.0
18.15,998.0,118.35
24.7,796.0,47.3
23.1,998.0,67.04
23.1,998.0,67.04
24.0,1186.0,73.97
18.2,1248.0,73.74
20.51,998.0,67.04
15.1,2179.0,152.87
15.4,1497.0,117.3
19.67,1582.0,126.2
19.1,1405.0,70.0
17.19,1197.0,81.86
20.89,1197.0,81.8
19.01,1461.0,108.45
24.7,796.0,47.3
19.0,1199.0,88.76
23.01,999.0,67.0
16.3,1797.0,147.5
23.4,1248.0,74.0
23.0,1248.0,88.7
20.5,1598.0,103.5
17.0,1405.0,71.0
16.0,1997.0,140.0
12.99,2494.0,100.6
21.5,1497.0,108.5
18.6,1197.0,81.86
17.88,1405.0,48.21
19.81,1086.0,68.05
24.7,796.0,47.3
18.0,1969.0,190.0
27.39,1248.0,74.0
22.32,1582.0,126.32
21.12,1248.0,88.8
13.5,1799.0,130.0
25.17,799.0,53.3
20.3,998.0,68.05
14.0,2498.0,112.0
17.0,1591.0,121.3
17.09,2993.0,261.4
22.37,2487.0,214.56
12.99,2494.0,100.6
11.57,2179.0,138.1
17.8,1496.0,105.5
16.8,1497.0,116.3
19.67,1582.0,126.2
12.05,2179.0,120.0
27.4,1498.0,98.63
12.55,2982.0,168.5
16.78,1995.0,190.0
22.9,1248.0,74.0
19.4,1198.0,86.8
19.0,1199.0,88.76
17.01,1582.0,126.2
20.5,1598.0,103.5
18.6,1197.0,81.83
19.3,1248.0,73.9
25.5,1498.0,98.6
17.92,1086.0,62.1
23.59,1364.0,67.05
22.37,2487.0,214.56
25.17,799.0,53.3
22.32,1582.0,126.32
13.22,2967.0,241.4
25.47,1248.0,88.5
17.3,993.0,60.0
22.32,1582.0,126.32
19.33,1248.0,82.4
16.3,1956.0,170.63
22.74,796.0,47.3
14.09,1596.0,99.6
15.96,2523.0,62.1
21.14,1498.0,103.52
12.55,2982.0,168.5
12.8,2494.0,102.0
19.33,1248.0,82.4
18.2,998.0,67.1
16.78,1496.0,88.73
22.74,796.0,47.3
16.55,2498.0,105.0
23.1,998.0,67.04
25.4,1186.0,73.97
21.43,1364.0,87.2
21.79,998.0,67.05
16.1,796.0,37.0
11.96,1298.0,80.0
16.1,1405.0,70.0
21.63,998.0,67.0
22.32,1582.0,126.32
19.61,1461.0,108.5
16.8,1497.0,116.3
14.62,1498.0,113.42
18.5,1198.0,86.8
19.33,1248.0,82.4
22.54,1396.0,88.73
19.02,1198.0,67.05
19.6,1461.0,108.45
19.33,1248.0,82.4
20.0,999.0,72.0
18.5,1197.0,85.8
16.0,1368.0,160.0
24.4,1120.0,71.0
19.09,1405.0,69.01
12.4,2499.0,134.0
16.1,796.0,37.0
22.37,2487.0,214.56
16.0,2179.0,140.0
17.19,1197.0,81.86
21.79,998.0,67.05
10.5,2609.0,120.0
19.09,1396.0,69.0
27.28,1047.0,69.0
24.3,1248.0,88.5
23.1,998.0,67.04
16.78,1995.0,190.0
17.3,993.0,60.0
19.33,1248.0,82.4
15.37,1196.0,73.0
19.7,796.0,46.3
25.47,1248.0,88.5
19.2,1197.0,80.0
23.9,624.0,37.48
23.84,1199.0,84.0
27.39,1248.0,74.0
27.39,1248.0,74.0
18.6,1199.0,79.4
23.0,1498.0,98.96
19.67,1582.0,126.2
12.9,1799.0,130.0
25.0,1396.0,69.0
13.93,2179.0,138.03
19.33,1248.0,0.0
26.59,1248.0,74.0
17.3,993.0,60.0
22.9,1248.0,74.0
19.09,1405.0,69.01
25.2,1248.0,74.0
28.4,1248.0,74.0
21.0,1461.0,64.1
13.5,2179.0,115.0
12.8,2494.0,102.0
20.52,1197.0,81.8
23.95,998.0,67.05
19.16,2494.0,157.7
15.4,2179.0,120.0
15.96,2523.0,62.1
14.0,2179.0,138.1
19.81,1086.0,68.05
19.0,1248.0,90.0
19.7,796.0,46.3
13.68,2393.0,147.8
19.0,998.0,67.1
17.01,1591.0,121.4
22.77,1498.0,98.59
19.7,796.0,46.3
17.0,1405.0,70.0
18.9,998.0,67.1
20.89,1197.0,81.8
18.1,1493.0,110.0
23.03,1396.0,69.0
17.6,2179.0,153.86
15.64,1193.0,64.08
18.49,1493.0,100.0
15.8,1172.0,67.1
22.0,1197.0,81.8
15.1,2179.0,140.0
22.95,1248.0,74.0
12.8,2494.0,102.0
13.6,2523.0,63.0
28.4,1248.0,74.02
27.39,1248.0,74.0
22.9,1248.0,74.0
11.79,2179.0,120.0
15.96,2523.0,62.1
17.5,1298.0,85.8
19.33,1248.0,82.4
24.0,1120.0,70.0
15.1,2179.0,152.87
17.3,1497.0,117.3
21.1,814.0,55.2
22.9,1248.0,74.0
22.0,1197.0,81.8
18.49,1493.0,100.0
18.16,1197.0,78.8
17.8,1086.0,63.0
27.39,1248.0,74.0
17.0,1405.0,71.0
24.7,796.0,47.3
22.7,799.0,53.64
19.2,1461.0,65.0
16.5,1493.0,70.0
16.5,1493.0,70.0
18.2,1199.0,88.7
22.7,799.0,53.64
22.54,1396.0,88.73
18.6,1197.0,81.83
24.04,999.0,67.0
17.05,1995.0,184.0
12.99,2494.0,100.6
12.8,2494.0,102.0
19.7,796.0,46.3
16.0,2179.0,140.0
23.95,998.0,67.05
19.33,1248.0,82.4
16.02,1373.0,93.7
20.37,1461.0,108.45
23.95,998.0,67.1
25.6,1498.0,97.9
21.1,814.0,55.2
18.0,995.0,62.0
21.03,1461.0,65.0
22.5,999.0,67.0
14.28,1798.0,138.03
24.7,796.0,47.3
19.33,1248.0,82.4
19.33,1248.0,82.4
20.36,1197.0,78.9
21.63,998.0,67.04
17.57,1193.0,88.7
12.8,2494.0,102.0
23.4,1248.0,74.0
21.02,1248.0,88.76
19.72,1461.0,108.45
14.3,1598.0,103.5
13.73,1995.0,148.0
18.2,1248.0,73.74
24.3,1248.0,88.5
19.81,1086.0,68.05
19.7,796.0,35.0
22.0,1197.0,81.8
23.65,1248.0,88.5
25.4,624.0,37.5
18.6,1199.0,79.4
14.0,2179.0,138.1
12.99,2494.0,100.6
20.54,1598.0,103.6
27.39,1248.0,74.0
20.8,1527.0,58.0
24.7,796.0,47.3
22.07,1199.0,73.9
23.84,1199.0,84.0
19.33,1248.0,82.4
19.33,1999.0,177.0
23.2,1248.0,73.94
26.59,1248.0,74.0
17.3,993.0,60.0
18.2,1199.0,84.8
18.0,995.0,62.0
11.79,2179.0,120.0
19.33,1999.0,177.0
15.1,2179.0,140.0
19.34,1198.0,76.0
22.77,1498.0,98.59
20.3,1086.0,68.0
19.16,2494.0,157.7
24.0,1186.0,73.97
25.83,1498.0,99.0
23.59,1364.0,67.06
23.4,1248.0,74.0
19.33,1248.0,82.4
23.84,1199.0,84.0
28.09,1248.0,88.5
19.33,1999.0,177.0
13.5,2609.0,115.0
19.09,1405.0,69.01
23.65,1248.0,88.5
23.9,1582.0,126.32
12.8,2494.0,102.0
28.4,1248.0,74.0
22.07,1199.0,73.9
15.96,2523.0,62.1
22.54,1396.0,88.73
21.1,814.0,55.2
19.09,1405.0,69.01
24.0,1120.0,70.0
18.6,1197.0,81.83
18.6,1197.0,81.83
18.6,1197.0,81.86
13.8,1399.0,68.0
16.78,1995.0,190.0
13.6,1999.0,177.0
14.74,2993.0,270.9
11.57,2179.0,138.1
26.59,1248.0,74.0
14.0,2523.0,75.0
19.4,1194.0,94.93
14.0,2179.0,138.1
23.0,1498.0,98.96
20.3,1086.0,68.0
21.1,814.0,55.2
18.3,1991.0,147.9
22.54,1396.0,88.73
24.0,1120.0,70.0
16.55,2498.0,105.0
13.93,2179.0,138.03
23.59,1364.0,67.05
12.8,1968.0,167.6
19.33,1248.0,82.4
23.9,1582.0,126.2
14.95,2489.0,93.7
22.0,1197.0,81.8
17.7,1497.0,78.0
11.72,2199.0,194.3
13.68,2393.0,147.8
23.0,1498.0,98.96
22.0,1197.0,81.8
12.8,2494.0,102.0
11.4,2953.0,153.86
17.2,1396.0,53.5
16.8,1984.0,150.0
14.4,1599.0,94.0
19.67,1582.0,126.2
11.79,2179.0,120.0
25.83,1498.0,99.0
20.51,998.0,67.04
27.28,1047.0,69.0
17.0,1198.0,108.5
22.7,1498.0,89.84
21.4,1197.0,83.1
28.4,1248.0,74.02
12.8,2494.0,102.0
22.1,1248.0,74.0
20.8,1461.0,64.1
15.1,2179.0,140.0
12.99,2494.0,100.6
12.0,2354.0,187.4
18.3,1991.0,147.9
20.0,1399.0,68.0
15.37,1196.0,73.0
20.0,1399.0,68.1
15.96,2523.0,62.1
16.1,796.0,37.0
15.96,2523.0,62.1
23.59,1364.0,67.06
19.33,1248.0,82.4
16.95,1498.0,97.7
25.4,624.0,38.0
26.21,1248.0,88.5
22.74,796.0,47.3
28.4,1248.0,74.02
25.47,1248.0,88.5
18.49,1493.0,100.0
21.4,1197.0,83.1
20.77,1248.0,88.8
24.7,796.0,47.3
10.91,3198.0,197.0
16.1,796.0,37.0
20.14,1197.0,81.86
19.1,1197.0,81.86
17.88,1396.0,52.8
16.78,1995.0,190.0
27.39,1248.0,74.0
26.21,1248.0,88.5
11.79,2179.0,120.0
20.89,1197.0,81.8
21.19,1396.0,88.73
24.4,1120.0,71.0
26.21,1248.0,88.5
20.77,1248.0,88.76
22.0,1582.0,126.2
16.78,1496.0,88.73
22.9,1248.0,74.0
16.78,1995.0,190.0
23.95,998.0,67.05
25.83,1498.0,99.0
24.8,1396.0,88.7
21.03,1461.0,65.0
17.0,1198.0,108.5
16.8,1984.0,150.0
21.1,814.0,55.2
22.07,1199.0,73.9
16.96,1968.0,138.1
14.3,1598.0,103.5
22.9,1248.0,74.0
21.4,1197.0,83.1
20.51,998.0,67.04
26.59,1248.0,74.0
21.21,1197.0,81.8
19.09,1396.0,69.0
16.84,1193.0,64.4
20.51,998.0,67.04
20.0,1399.0,68.05
24.4,1498.0,98.63
21.5,1248.0,88.8
19.81,1086.0,68.05
16.95,1197.0,78.9
15.1,2179.0,140.0
21.9,1498.0,98.6
19.01,1461.0,108.45
18.9,998.0,67.1
22.3,1248.0,74.0
16.8,796.0,34.2
19.81,1086.0,68.05
27.3,1498.0,98.6
22.3,1248.0,74.0
18.2,1199.0,82.4
21.21,1197.0,81.8
11.1,2354.0,158.8
19.1,1197.0,82.0
14.1,2179.0,147.94
19.4,1405.0,70.0
19.33,1248.0,82.4
18.0,1969.0,190.0
17.5,1373.0,91.1
15.7,1172.0,67.0
25.8,1498.0,98.6
16.1,796.0,37.0
20.54,1598.0,103.6
19.0,998.0,66.1
12.05,2179.0,120.0
16.5,1493.0,70.0
18.6,1197.0,81.83
18.9,1197.0,81.86
19.33,1248.0,82.4
17.88,1396.0,52.8
15.37,1196.0,73.0
15.04,1598.0,103.6
18.0,995.0,62.0
28.4,1248.0,74.02
25.2,1248.0,74.0
20.51,998.0,67.04
15.0,1586.0,104.68
20.36,1197.0,78.9
25.1,1248.0,88.5
22.74,796.0,47.3
22.7,799.0,53.64
16.0,2179.0,138.0
20.36,1197.0,78.9
18.9,998.0,67.1
19.62,1998.0,190.0
17.0,1497.0,118.0
22.54,1396.0,88.73
21.1,1248.0,73.9
19.33,1248.0,82.4
0.0,2523.0,70.0
19.33,1248.0,82.4
19.7,796.0,46.3
12.99,2494.0,100.6
25.44,936.0,57.6
25.2,1248.0,74.0
24.29,1498.0,99.0
20.0,1968.0,108.5
20.54,1598.0,103.6
23.4,1248.0,74.0
19.83,1198.0,67.0
25.0,1493.0,113.42
24.8,1396.0,88.7
22.32,1582.0,126.3
21.4,1197.0,83.1
20.4,1248.0,91.7
18.5,1197.0,85.8
21.4,1197.0,83.1
20.36,1197.0,78.9
16.8,1984.0,150.0
22.74,796.0,47.3
19.33,1248.0,82.4
17.5,1199.0,88.7
17.19,1197.0,81.86
12.7,2609.0,116.6
12.99,2494.0,100.6
19.33,1248.0,82.4
15.1,2179.0,140.0
21.79,998.0,67.05
23.0,1498.0,98.96
17.43,1396.0,105.5
23.01,999.0,67.0
17.01,1499.0,110.4
23.0,1248.0,88.7
18.2,1199.0,82.4
21.43,1364.0,86.79
13.2,1495.0,94.0
13.68,2393.0,147.8
13.55,2179.0,118.35
20.0,1399.0,68.1
17.2,1396.0,53.5
22.0,1197.0,81.8
18.49,1493.0,100.0
22.32,1582.0,126.3
13.68,2393.0,147.8
22.0,1197.0,81.8
17.5,1199.0,88.7
17.8,1399.0,68.0
19.7,796.0,46.3
20.0,1399.0,68.0
27.39,1248.0,74.0
15.1,2179.0,140.0
12.8,2494.0,102.0
20.51,998.0,67.04
25.2,1248.0,74.0
23.1,998.0,67.04
15.96,2523.0,62.1
18.2,1061.0,64.0
13.7,1399.0,98.79
20.51,998.0,67.04
19.5,1248.0,75.0
25.2,1248.0,74.0
19.33,1248.0,82.4
21.27,1396.0,88.76
14.3,1598.0,103.5
20.45,1461.0,83.8
20.6,1968.0,141.0
18.5,1194.0,94.93
28.4,1248.0,74.02
20.3,998.0,68.05
16.78,1995.0,190.0
23.1,998.0,67.04
24.7,796.0,47.3
18.9,1197.0,81.86
13.6,2523.0,63.0
19.0,1194.0,94.68
23.95,998.0,67.05
18.6,1197.0,81.83
16.73,1995.0,218.0
20.5,1598.0,103.5
24.4,1120.0,71.0
28.09,1248.0,88.5
11.36,2755.0,171.5
19.81,1086.0,68.05
14.28,1798.0,138.03
22.74,796.0,47.3
19.4,1405.0,70.0
22.54,1396.0,88.73
12.8,2494.0,102.0
24.0,1186.0,73.97
25.44,936.0,56.3
20.5,1598.0,103.5
28.09,1248.0,88.5
19.01,1461.0,108.45
17.0,2200.0,139.01
13.93,2179.0,138.1
16.78,1995.0,190.0
19.81,1086.0,68.05
20.36,1197.0,78.9
12.99,2494.0,100.57
20.85,1197.0,83.14
21.21,1197.0,81.8
17.92,1086.0,62.1
16.95,1197.0,78.9
22.32,1582.0,126.32
25.83,1498.0,99.0
19.7,796.0,46.3
15.05,2179.0,147.9
27.39,1248.0,74.0
23.0,1498.0,98.96
20.0,1339.0,108.5
18.2,1199.0,88.7
19.87,1461.0,83.8
14.84,2143.0,170.0
15.0,2143.0,204.0
26.59,1248.0,74.0
20.7,1197.0,81.86
19.0,1199.0,88.76
26.21,1248.0,88.5
20.77,1248.0,88.8
26.0,1498.0,98.6
22.0,1498.0,108.495
22.32,1582.0,126.32
22.0,1197.0,81.8
18.0,1969.0,190.0
13.68,2393.0,147.8
17.92,1086.0,62.1
18.5,1197.0,85.8
17.3,1497.0,121.0
21.1,1248.0,73.9
25.2,1248.0,74.0
13.6,1999.0,177.0
17.4,1197.0,81.86
23.59,1364.0,67.05
19.33,1248.0,82.4
24.0,1186.0,73.97
11.5,1991.0,147.9
12.99,2494.0,100.6
20.51,998.0,67.04
12.05,2179.0,120.0
19.0,1194.0,94.68
17.8,1399.0,67.0
19.7,796.0,46.3
19.33,1248.0,82.4
12.05,2179.0,120.0
19.33,1248.0,82.4
10.0,2148.0,170.0
19.3,1248.0,73.9
14.0,796.0,35.0
23.59,1364.0,67.04
21.1,814.0,55.2
19.7,796.0,46.3
13.68,2393.0,147.8
19.33,1248.0,82.4
19.1,1197.0,82.0
13.93,2179.0,138.03
16.0,2179.0,140.0
19.7,796.0,46.3
11.57,2179.0,138.1
17.3,993.0,60.0
26.8,1248.0,74.0
13.4,1794.0,125.0
12.8,2494.0,102.0
23.9,1582.0,126.2
15.4,1997.0,120.0
18.9,1061.0,67.0
19.0,998.0,67.1
23.03,1396.0,69.0
21.1,814.0,55.2
16.8,1984.0,150.0
16.78,1496.0,88.73
22.37,2487.0,214.56
17.7,1497.0,113.42
12.8,1396.0,85.0
22.0,1197.0,81.8
18.2,1199.0,88.7
19.7,2143.0,134.1
21.79,998.0,67.05
18.2,1248.0,73.74
25.4,1186.0,73.97
25.83,1498.0,99.0
16.1,796.0,37.0
20.3,1086.0,68.0
15.1,2179.0,140.0
19.33,1248.0,82.4
18.9,1197.0,81.86
21.04,1461.0,83.8
11.36,2755.0,171.5
17.09,2993.0,261.4
18.15,1198.0,82.0
22.54,1396.0,88.73
13.93,2956.0,138.1
24.4,1498.0,98.63
22.54,1396.0,88.73
17.3,993.0,60.0
17.0,1497.0,118.0
19.34,1198.0,76.0
26.21,1248.0,88.5
22.32,1582.0,126.32
19.01,1461.0,108.45
22.74,796.0,47.3
21.21,1197.0,81.8
17.5,1298.0,85.8
17.21,1493.0,100.0
18.6,1197.0,81.83
21.38,1396.0,88.7
14.1,2179.0,147.94
20.3,1199.0,84.0
17.3,1497.0,121.0
18.5,1197.0,82.9
23.59,1364.0,67.05
18.9,998.0,67.1
13.8,2999.0,174.57
15.3,1341.0,83.0
24.0,1186.0,73.97
18.49,1493.0,100.0
22.27,1498.0,108.6
16.8,796.0,34.2
21.21,1197.0,81.8
18.9,998.0,67.1
12.8,2494.0,102.0
15.9,1298.0,85.0
19.33,1248.0,82.4
14.95,2489.0,93.7
23.1,998.0,67.04
19.3,1248.0,73.9
21.21,1197.0,81.8
24.0,1186.0,73.97
19.7,796.0,46.3
19.09,1396.0,69.0
22.0,1498.0,108.495
20.62,1198.0,67.0
20.92,998.0,67.1
22.54,1396.0,88.73
18.6,1199.0,79.4
26.59,1248.0,74.0
20.4,1197.0,83.11
13.6,2523.0,63.0
17.6,2179.0,153.86
13.6,2523.0,63.0
20.77,1248.0,88.76
18.0,1969.0,190.0
18.2,998.0,67.1
20.7,1197.0,81.86
12.99,2494.0,100.0
12.8,2494.0,102.0
13.5,2179.0,115.0
18.78,999.0,75.0
21.9,1396.0,90.0
17.01,1582.0,126.2
22.74,796.0,47.3
17.0,1198.0,73.75
17.3,993.0,60.0
18.6,1197.0,81.83
22.74,796.0,47.3
20.51,998.0,67.0
20.51,998.0,67.04
16.8,1497.0,116.3
18.6,1197.0,81.83
19.87,1461.0,83.8
19.09,1396.0,69.0
18.0,1969.0,190.0
22.69,1995.0,190.0
17.5,1298.0,85.8
22.07,1199.0,73.9
22.74,796.0,47.3
22.54,1396.0,88.76
12.99,2494.0,100.6
22.54,1396.0,88.73
22.32,1582.0,126.32
23.01,999.0,67.0
16.5,995.0,63.0
15.1,2179.0,140.0
21.12,1248.0,88.8
20.92,998.0,67.1
20.3,1199.0,84.0
25.17,799.0,53.3
17.8,1248.0,75.0
20.65,1248.0,88.7
21.43,1364.0,87.2
23.65,1248.0,88.5
15.96,2523.0,62.1
17.0,1405.0,70.0
22.54,1396.0,88.73
19.3,1248.0,73.9
18.9,1061.0,67.0
18.9,1197.0,81.86
20.77,1248.0,88.8
10.1,2354.0,152.0
19.33,1248.0,82.4
18.0,1969.0,190.0
22.0,1197.0,81.8
24.3,1248.0,88.5
25.17,799.0,53.3
17.3,1497.0,121.0
15.37,1196.0,73.0
20.0,1399.0,68.0
22.0,1197.0,81.8
26.0,1498.0,98.6
12.8,2354.0,177.6
12.99,2494.0,100.6
23.2,1248.0,73.94
25.44,936.0,57.6
19.33,1999.0,177.0
14.3,1598.0,103.5
15.96,2523.0,63.0
21.63,998.0,67.0
15.96,2523.0,62.1
18.2,1199.0,88.7
23.59,1364.0,67.05
20.36,1197.0,78.9
18.9,1197.0,82.0
19.33,1999.0,177.0
16.1,796.0,37.0
20.36,1197.0,78.9
15.4,1590.0,94.0
12.99,2494.0,100.0
17.5,1199.0,88.7
18.6,1197.0,81.86
15.4,1997.0,120.0
21.21,1197.0,81.8
19.33,1248.0,82.4
12.12,2231.0,184.0
17.4,1497.0,117.3
22.37,2487.0,214.56
24.52,1248.0,88.5
21.79,998.0,67.05
22.07,1199.0,73.9
24.3,1248.0,88.5
19.81,1086.0,68.05
19.33,1248.0,82.4
17.6,2179.0,153.86
13.0,2489.0,95.0
21.1,814.0,55.2
18.6,1197.0,85.8
16.36,2179.0,120.0
17.21,1493.0,100.0
17.01,1582.0,126.2
17.6,2179.0,153.86
20.45,1461.0,83.8
19.0,1194.0,94.68
23.4,1248.0,74.0
18.4,1248.0,75.0
18.15,1198.0,82.0
21.9,1396.0,88.8
22.74,796.0,47.3
25.44,936.0,57.6
18.9,998.0,67.1
22.74,796.0,47.3
17.0,1405.0,71.0
18.49,1493.0,100.0
16.1,796.0,37.0
16.8,1493.0,110.0
22.9,1248.0,74.0
16.1,1197.0,85.0
13.2,1495.0,94.0
20.4,1194.0,94.93
16.8,1497.0,116.4
16.78,1995.0,190.0
23.84,1199.0,84.0
22.37,2487.0,214.56
22.54,1396.0,88.73
17.5,1197.0,85.8
20.51,998.0,67.0
18.9,1197.0,81.86
19.7,796.0,46.3
16.1,796.0,37.0
0.0,1950.0,194.0
16.84,1193.0,64.4
20.3,1199.0,84.0
25.2,1248.0,74.0
22.74,796.0,47.3
20.86,1199.0,75.0
12.55,2982.0,168.5
24.3,1248.0,88.5
20.77,1248.0,88.76
11.57,2179.0,138.1
19.0,1199.0,88.76
12.0,2354.0,187.4
21.1,814.0,55.2
14.3,1598.0,103.5
22.1,1396.0,88.7
18.0,1969.0,190.0
19.1,1405.0,70.0
19.7,796.0,46.3
17.71,1197.0,78.9
19.64,1461.0,108.45
17.5,1298.0,85.8
22.77,1498.0,98.59
11.36,2755.0,171.5
17.19,1197.0,81.86
16.8,1493.0,110.0
18.0,1969.0,190.0
23.8,1498.0,78.9
13.5,2477.0,175.56
15.1,2179.0,140.0
23.1,998.0,67.04
22.77,1498.0,98.59
15.96,2523.0,62.1
18.9,1197.0,81.86
17.0,2650.0,80.84
17.7,1497.0,78.0
14.28,1798.0,138.03
17.1,1956.0,170.0
22.54,1396.0,88.73
17.57,1193.0,88.7
23.08,1461.0,63.1
28.09,1248.0,88.5
12.99,2494.0,100.6
16.78,1496.0,88.73
16.2,1199.0,74.0
21.66,1498.0,103.6
13.93,2179.0,138.03
22.54,1396.0,88.73
14.0,2489.0,95.0
27.39,1248.0,74.0
19.33,1248.0,82.4
24.3,1248.0,88.5
18.6,1197.0,81.83
25.4,1186.0,73.97
18.49,1493.0,100.0
17.0,1591.0,121.3
22.3,1248.0,74.0
25.17,799.0,53.3
0.0,1172.0,65.0
15.1,2179.0,140.0
19.34,1198.0,76.0
18.16,1196.0,86.8
14.3,1598.0,103.5
19.33,1248.0,82.4
13.6,1999.0,177.0
14.74,1991.0,181.04
17.3,993.0,60.0
18.12,1995.0,190.0
24.3,1248.0,88.5
13.6,1999.0,177.0
17.0,1497.0,118.0
23.4,1248.0,74.0
22.74,796.0,47.3
25.0,1396.0,69.0
13.68,2393.0,147.8
15.1,2179.0,140.0
25.0,1396.0,69.0
19.0,998.0,66.1
28.4,1248.0,74.02
16.0,2179.0,140.0
23.08,1461.0,63.12
19.33,1248.0,82.4
18.5,1197.0,80.0
27.3,1498.0,98.6
22.37,2487.0,214.56
19.33,1248.0,82.4
17.0,1405.0,70.0
10.0,2148.0,170.0
27.28,1047.0,69.0
20.4,1194.0,94.93
15.74,1591.0,121.3
19.33,1248.0,82.4
23.03,1396.0,69.0
25.83,1498.0,99.0
21.1,814.0,55.2
18.06,2523.0,63.0
18.2,1199.0,82.4
15.0,1896.0,105.0
16.51,1586.0,103.2
19.33,1248.0,82.4
22.74,796.0,47.3
19.02,1198.0,67.05
18.0,1248.0,75.0
18.6,1197.0,81.86
18.15,1198.0,82.0
18.2,1199.0,88.7
17.0,1497.0,118.0
16.0,2179.0,140.0
18.6,1197.0,81.83
19.0,998.0,66.1
18.12,1196.0,86.8
21.1,814.0,55.2
17.8,1399.0,67.0
14.2,1341.0,82.9
13.93,2179.0,138.0
24.52,1248.0,88.5
21.14,1498.0,103.52
20.77,1248.0,88.76
22.0,1197.0,81.8
13.5,2477.0,178.0
19.0,1405.0,71.0
15.4,2523.0,75.0
10.91,3198.0,197.0
18.9,1197.0,81.86
17.57,1193.0,88.7
19.33,1248.0,82.4
14.6,1368.0,88.7
17.01,1591.0,121.3
20.0,999.0,72.0
21.63,998.0,67.0
20.4,1197.0,81.8
22.9,1248.0,74.0
20.51,998.0,67.04
18.9,998.0,67.1
9.5,3604.0,280.0
18.6,1197.0,81.83
12.55,2982.0,168.5
22.95,1248.0,74.0
19.0,998.0,67.1
23.0,1396.0,90.0
26.0,1498.0,98.6
22.77,1498.0,98.59
18.9,1197.0,81.86
20.4,1197.0,83.11
24.3,1248.0,88.5
16.1,796.0,37.0
21.1,814.0,55.2
12.05,2179.0,120.0
20.14,1197.0,81.86
20.5,1598.0,105.0
22.77,1498.0,98.59
16.5,1493.0,70.0
23.59,1364.0,67.1
19.33,1248.0,82.4
13.6,1991.0,142.0
19.01,1461.0,108.45
15.96,2523.0,62.1
15.96,2523.0,62.1
19.33,1248.0,82.4
23.84,1199.0,84.0
16.1,796.0,37.0
19.67,1582.0,126.2
18.49,1493.0,100.0
22.54,1396.0,88.73
14.3,1798.0,160.0
22.32,1582.0,126.32
19.3,1248.0,73.9
19.68,1399.0,67.0
27.39,1248.0,74.0
22.7,799.0,53.0
17.8,1248.0,75.0
20.14,1197.0,81.86
28.09,1248.0,88.5
19.33,1999.0,177.0
16.78,1995.0,190.0
20.51,998.0,67.04
22.32,1582.0,126.3
13.7,2179.0,138.1
18.2,1199.0,88.7
14.1,2179.0,147.94
15.6,1196.0,70.0
18.9,1197.0,82.0
20.0,1399.0,68.0
20.8,1461.0,64.1
22.0,1197.0,81.8
16.6,1388.0,68.0
18.5,1197.0,82.85
23.59,1364.0,67.06
16.0,2179.0,140.0
13.24,1598.0,102.5
20.4,1197.0,81.8
21.79,998.0,67.05
16.02,1373.0,93.7
15.85,1499.0,110.4
28.4,1248.0,74.0
22.77,1498.0,98.59
20.14,1498.0,88.7
19.7,796.0,46.3
17.5,1298.0,85.8
18.6,1197.0,81.83
15.1,2179.0,140.0
18.0,1969.0,190.0
13.93,2179.0,138.1
22.7,1582.0,126.2
15.4,1997.0,120.0
21.02,1248.0,88.76
14.1,2179.0,147.94
14.21,2143.0,203.0
21.79,998.0,67.05
23.0,1498.0,98.96
0.0,2523.0,70.0
16.6,1896.0,122.4
19.7,796.0,46.3
13.6,2523.0,63.0
22.74,796.0,47.3
18.0,1969.0,190.0
24.4,1120.0,71.01
22.32,1582.0,126.32
15.6,1196.0,70.0
13.6,2523.0,63.0
15.96,2523.0,62.1
20.45,1461.0,83.8
26.59,1248.0,74.0
18.0,995.0,62.0
21.04,1461.0,83.8
18.6,1197.0,81.83
24.52,1248.0,88.5
25.2,1248.0,74.0
19.7,796.0,46.3
13.58,2499.0,72.4
22.77,1498.0,98.59
19.33,1248.0,82.4
19.3,1248.0,73.9
15.0,1086.0,66.6
14.8,1998.0,68.0
20.0,999.0,72.0
19.4,1198.0,86.8
22.0,1197.0,81.8
13.93,2179.0,138.1
16.6,1388.0,68.0
21.1,814.0,55.2
21.21,1197.0,81.8
20.7,1197.0,81.86
18.16,1196.0,86.8
22.5,999.0,67.0
20.0,1399.0,68.0
22.3,1248.0,74.0
20.51,998.0,67.04
17.8,1198.0,86.7
19.87,1461.0,83.14
16.55,2498.0,105.0
22.69,1995.0,190.0
28.4,1248.0,74.0
17.8,1248.0,75.0
12.99,2494.0,100.6
17.2,1197.0,103.6
25.44,936.0,57.6
25.1,1248.0,88.5
25.2,1248.0,74.0
12.99,2494.0,100.6
22.37,2487.0,214.56
19.09,1405.0,69.01
26.21,1248.0,88.5
19.0,1199.0,88.76
23.4,1248.0,74.0
19.0,1199.0,88.76
13.6,2523.0,63.0
25.17,799.0,53.3
23.5,1498.0,88.7
15.04,1991.0,183.0
23.84,1199.0,84.0
18.9,1197.0,82.0
16.2,1199.0,74.0
23.59,1364.0,67.04
24.0,1186.0,73.97
14.0,2498.0,112.0
16.0,2179.0,140.0
19.67,1582.0,126.2
26.59,1248.0,74.0
20.3,1086.0,68.07
22.0,1197.0,81.8
14.0,2523.0,75.0
25.5,1498.0,98.6
25.2,1248.0,74.0
18.3,1991.0,147.9
15.4,1497.0,117.3
18.9,998.0,67.1
20.77,1248.0,88.76
20.77,1248.0,88.76
18.5,1197.0,85.8
15.96,2523.0,62.1
12.8,2494.0,102.0
23.01,999.0,67.0
16.8,1497.0,116.3
16.0,2179.0,140.0
22.32,1582.0,126.32
23.95,998.0,67.05
16.02,1373.0,93.7
22.48,1995.0,187.74
22.77,1498.0,98.59
19.33,1248.0,82.4
18.9,998.0,67.1
12.3,1781.0,163.2
19.09,1405.0,69.01
23.1,998.0,67.04
17.8,1248.0,75.0
13.6,1999.0,177.0
19.0,998.0,66.1
23.4,1248.0,74.0
19.87,1461.0,83.8
19.2,1461.0,65.0
20.63,1198.0,67.0
20.86,1199.0,75.0
18.9,1197.0,81.86
19.33,1248.0,82.4
18.5,1197.0,82.85
20.51,998.0,67.04
19.7,796.0,46.3
18.9,998.0,67.1
21.12,1248.0,88.8
19.1,1405.0,70.0
20.51,998.0,67.04
19.16,2494.0,157.7
16.78,1995.0,190.0
21.1,814.0,55.2
21.27,1396.0,88.76
21.19,1396.0,88.73
20.3,1248.0,75.0
25.83,1498.0,99.0
15.1,2179.0,152.87
18.6,1199.0,76.8
21.1,814.0,55.2
24.8,1396.0,88.7
25.4,624.0,37.5
19.7,796.0,46.3
19.81,1086.0,68.05
19.67,1582.0,126.2
21.4,1197.0,83.1
22.54,1396.0,88.73
15.37,1196.0,73.0
25.01,1498.0,89.75
15.4,1997.0,120.0
24.7,796.0,47.3
23.0,1396.0,90.0
22.0,1197.0,81.8
16.78,1995.0,190.0
21.2,1248.0,75.0
17.21,1493.0,100.0
18.9,998.0,67.1
14.0,2498.0,112.0
16.78,1995.0,190.0
23.1,998.0,67.04
17.0,1497.0,121.36
21.5,1497.0,108.5
17.3,1061.0,64.0
16.1,796.0,37.0
18.9,1061.0,67.0
14.49,1399.0,92.7
18.9,998.0,67.1
19.0,1199.0,88.76
21.12,1248.0,88.8
16.2,1599.0,103.2
17.0,1198.0,108.5
22.37,2487.0,214.56
16.78,1995.0,190.0
12.8,2494.0,102.0
19.33,1248.0,82.4
21.1,1248.0,73.9
16.5,1172.0,65.0
25.17,799.0,53.3
19.0,1199.0,88.76
18.2,1199.0,88.7
24.52,1248.0,88.5
23.95,998.0,67.05
19.3,1248.0,73.9
18.9,998.0,67.1
21.21,1197.0,81.8
19.7,796.0,46.3
25.2,1248.0,74.0
27.28,1047.0,69.0
21.43,1364.0,87.2
20.51,998.0,67.04
16.0,2179.0,138.0
23.95,998.0,67.05
23.0,1498.0,98.96
22.32,1582.0,126.32
20.0,1399.0,68.0
21.14,1498.0,103.52
18.9,998.0,67.1
14.1,2179.0,147.94
18.88,999.0,123.37
14.7,1150.0,76.0
21.5,1248.0,88.8
13.93,2179.0,138.0
16.52,1991.0,123.7
23.1,998.0,67.04
18.6,1197.0,81.83
22.32,1582.0,126.32
18.6,1197.0,81.83
25.4,1186.0,73.97
25.2,1248.0,74.0
13.4,1794.0,125.0
17.8,1248.0,75.0
19.6,1461.0,108.45
22.37,2487.0,214.56
16.5,1493.0,70.0
15.6,1497.0,116.3
25.17,799.0,53.3
13.6,2523.0,63.0
26.59,1248.0,74.0
18.9,998.0,67.1
16.9,1497.0,100.0
20.36,1197.0,78.9
25.32,1198.0,77.0
18.9,998.0,67.1
21.79,998.0,67.05
23.1,998.0,67.04
12.8,2494.0,102.0
18.9,1197.0,81.86
19.7,796.0,46.3
10.5,2609.0,120.0
16.1,796.0,37.0
18.0,995.0,62.0
15.96,2523.0,62.1
23.01,999.0,67.0
15.5,1198.0,86.7
17.5,1373.0,91.1
18.9,1061.0,67.0
22.32,1582.0,126.32
20.0,1399.0,68.0
25.17,799.0,53.3
18.9,998.0,67.1
21.79,998.0,67.05
17.8,1248.0,75.0
18.9,1197.0,81.86
20.92,998.0,67.1
22.71,1461.0,84.8
17.0,1197.0,80.0
21.9,1498.0,98.6
19.81,1086.0,68.05
19.3,1248.0,73.9
21.1,814.0,55.2
18.9,998.0,67.1
24.2,1498.0,98.6
19.87,1461.0,83.8
18.9,1197.0,82.0
18.2,1199.0,82.4
21.7,1498.0,98.96
22.1,1396.0,88.7
24.3,1248.0,88.5
17.1,1956.0,170.0
17.4,1497.0,117.3
13.6,2523.0,63.0
23.1,998.0,67.04
21.02,1248.0,88.8
18.6,1197.0,81.83
0.0,1086.0,62.0
12.05,2179.0,120.0
22.0,1197.0,81.8
22.0,1197.0,81.8
22.0,1197.0,81.8
16.9,1197.0,82.0
14.1,2179.0,147.94
15.96,2523.0,62.1
16.78,1496.0,88.73
16.78,1496.0,88.73
15.9,1298.0,85.0
23.4,1248.0,74.0
17.57,1193.0,88.7
17.0,1405.0,71.0
19.33,1248.0,82.4
13.7,1399.0,98.82
23.2,1248.0,73.94
20.4,1197.0,81.8
17.8,1399.0,68.0
21.1,814.0,55.2
12.8,2494.0,102.0
25.4,624.0,37.5
23.0,1498.0,98.96
16.1,796.0,37.0
14.84,2143.0,170.0
18.9,1197.0,82.0
18.5,1197.0,82.85
23.59,1364.0,67.04
25.17,799.0,53.3
18.0,1198.0,86.7
23.0,1498.0,98.96
15.96,2523.0,63.0
22.3,1248.0,74.0
19.33,1248.0,82.4
14.74,2199.0,194.3
27.3,1498.0,98.6
28.4,1248.0,74.02
18.6,1197.0,81.83
25.8,1498.0,98.6
18.5,1197.0,80.0
16.34,1798.0,189.3
20.36,1197.0,78.9
20.14,1498.0,88.8
25.2,1248.0,73.94
16.3,1797.0,147.5
13.58,2499.0,72.4
19.7,796.0,46.3
20.3,1199.0,84.0
14.1,2179.0,147.94
17.68,1968.0,174.33
20.0,1399.0,68.0
13.6,1999.0,177.0
13.87,1598.0,86.0
19.69,1198.0,67.04
12.8,2354.0,177.6
12.8,2494.0,102.0
20.36,1197.0,78.9
18.6,1197.0,81.83
18.49,1493.0,100.0
12.99,2494.0,100.6
18.0,995.0,62.0
17.4,1497.0,117.6
21.21,1197.0,81.8
17.1,1956.0,170.0
21.1,814.0,55.2
19.33,1248.0,82.4
15.1,2179.0,140.0
20.92,998.0,67.1
19.56,1197.0,81.8
23.08,1461.0,63.1
20.36,1197.0,78.9
12.7,2609.0,116.6
19.09,1396.0,69.0
19.33,1248.0,82.4
21.38,1396.0,88.7
13.9,1599.0,103.2
14.53,1794.0,138.1
15.37,1196.0,73.0
16.8,1984.0,150.0
12.55,2982.0,168.5
18.5,1198.0,86.8
19.7,796.0,46.3
23.0,1248.0,88.7
10.5,2179.0,120.0
14.0,2498.0,112.0
20.4,1248.0,91.7
18.16,1196.0,86.8
17.8,1086.0,63.0
22.9,1248.0,74.0
15.37,1196.0,73.0
13.93,2179.0,138.03
23.01,999.0,67.0
16.1,796.0,37.0
25.83,1498.0,99.0
22.74,796.0,47.3
19.7,796.0,46.3
24.3,1248.0,88.5
12.05,2179.0,120.0
16.02,1373.0,93.7
26.59,1248.0,74.0
19.16,2494.0,157.7
17.5,1373.0,91.1
17.3,1497.0,121.0
20.51,998.0,67.04
11.7,2354.0,177.6
13.1,2499.0,141.0
20.45,1461.0,83.8
23.59,1364.0,67.04
13.22,2967.0,241.4
18.0,995.0,62.0
20.36,1197.0,78.9
18.78,999.0,75.0
19.4,1405.0,70.0
25.8,1498.0,98.6
20.77,1248.0,88.8
25.83,1498.0,99.0
17.8,1198.0,86.7
16.0,2179.0,140.0
16.0,2179.0,140.0
22.74,796.0,47.3
15.4,2523.0,75.0
24.0,1120.0,70.0
20.3,1199.0,83.81
11.57,2179.0,138.1
19.0,1199.0,88.76
16.5,1493.0,70.0
24.3,1248.0,88.5
20.77,1248.0,88.8
18.5,1197.0,80.0
20.51,998.0,67.04
13.6,2523.0,63.0
22.9,1248.0,74.0
0.0,1086.0,62.0
17.7,1497.0,78.0
16.0,2179.0,140.0
17.7,1399.0,68.0
16.3,1956.0,170.0
11.45,2776.0,197.2
21.03,1461.0,65.0
19.6,1461.0,108.45
28.4,1248.0,74.02
22.32,1582.0,126.32
17.3,993.0,60.0
23.59,1364.0,67.04
12.99,2494.0,100.0
18.8,1248.0,90.0
17.8,1248.0,75.0
14.0,2489.0,95.0
19.01,1461.0,108.45
21.21,1197.0,81.8
18.49,1493.0,100.0
15.0,1598.0,105.0
16.8,1497.0,116.4
19.7,796.0,46.3
19.7,796.0,46.3
17.8,1497.0,117.3
20.77,1248.0,88.76
17.1,1493.0,110.0
16.47,1198.0,74.0
26.59,1248.0,74.0
18.0,1497.0,117.3
22.54,1396.0,88.73
19.7,796.0,46.3
19.3,1248.0,73.9
26.59,1248.0,74.0
19.16,2494.0,157.7
22.54,1396.0,88.73
12.05,2179.0,120.0
12.99,2494.0,100.6
18.49,1493.0,100.0
17.5,1197.0,85.8
23.59,1364.0,67.04
18.2,1199.0,88.7
18.9,998.0,67.1
26.0,1498.0,98.6
20.4,1197.0,83.11
17.92,1086.0,62.1
19.7,796.0,46.3
21.79,998.0,67.05
22.54,1396.0,88.73
24.7,796.0,47.3
18.6,1197.0,85.8
18.6,1197.0,81.83
23.95,998.0,67.05
18.6,1197.0,81.83
14.84,2143.0,170.0
18.49,1493.0,100.0
18.9,998.0,67.1
19.7,796.0,46.3
16.8,1493.0,110.0
19.1,1197.0,85.8
20.0,1399.0,68.0
22.74,796.0,47.3
20.36,1197.0,78.9
22.54,1396.0,88.73
21.12,1248.0,88.8
25.8,1498.0,98.6
23.95,998.0,67.05
13.9,1599.0,103.2
22.71,1461.0,84.8
15.4,1997.0,120.0
16.0,1061.0,64.0
20.36,1197.0,78.9
23.0,1248.0,88.7
18.6,1197.0,81.83
22.37,2487.0,214.56
23.4,1248.0,74.0
11.5,2982.0,171.0
19.33,1248.0,82.4
23.57,1396.0,70.0
18.49,1493.0,100.0
17.6,2179.0,147.94
13.68,2393.0,147.51
18.9,1197.0,82.0
26.59,1248.0,74.0
13.9,1599.0,103.2
20.0,1399.0,68.0
20.3,1086.0,68.0
21.1,814.0,55.2
14.0,2498.0,112.0
28.4,1248.0,74.0
19.87,1461.0,108.5
25.83,1498.0,99.0
19.0,1199.0,88.7
18.15,1198.0,82.0
12.8,2494.0,102.0
24.7,796.0,47.3
19.7,796.0,46.3
19.33,1248.0,82.4
20.51,998.0,67.04
17.88,1396.0,52.8
14.28,1798.0,138.03
22.0,1582.0,126.2
15.1,2179.0,140.0
11.0,2993.0,235.0
25.17,799.0,53.3
20.36,1197.0,78.9
28.4,1248.0,74.02
19.4,1405.0,70.0
18.49,1493.0,100.0
16.3,1797.0,147.5
15.9,1527.0,57.0
22.5,999.0,67.0
18.1,1493.0,110.0
21.64,1461.0,84.8
15.42,1405.0,70.0
20.3,1086.0,68.0
13.93,2179.0,138.03
12.05,2179.0,120.0
20.3,1086.0,68.07
12.8,2494.0,102.0
15.96,2523.0,63.0
20.77,1248.0,88.76
22.74,796.0,47.3
18.9,998.0,67.1
18.9,1197.0,82.0
17.0,1591.0,121.3
19.7,796.0,46.3
22.74,796.0,47.3
25.2,1248.0,74.0
15.3,1193.0,65.3
17.0,1497.0,121.36
19.0,998.0,67.1
18.2,1199.0,88.7
20.51,998.0,67.04
22.32,1582.0,126.32
22.3,1248.0,74.0
21.19,1396.0,88.73
22.74,796.0,47.3
13.0,1795.0,127.0
18.9,1061.0,67.0
23.84,1199.0,83.83
13.55,2179.0,118.35
20.63,1198.0,67.06
20.0,1399.0,68.05
20.8,1461.0,65.0
23.0,1498.0,98.96
16.1,1298.0,88.2
24.52,1248.0,88.5
19.33,1248.0,82.4
15.1,2179.0,140.0
19.81,1086.0,68.05
18.3,1991.0,147.9
17.3,993.0,60.0
12.8,2494.0,102.0
17.8,1248.0,75.0
28.4,1248.0,74.02
26.59,1248.0,74.0
22.54,1396.0,88.73
19.16,2494.0,157.7
20.36,1197.0,78.9
16.8,1984.0,150.0
11.0,2982.0,170.3
25.2,1248.0,74.0
20.0,1399.0,68.0
16.0,2179.0,140.0
25.1,1248.0,88.5
25.8,1498.0,98.6
17.45,1493.0,100.0
22.37,2487.0,214.56
14.3,1598.0,103.5
24.3,1248.0,88.5
28.4,1248.0,74.02
17.8,1248.0,75.0
19.4,1405.0,70.0
15.4,1997.0,120.0
15.1,2179.0,152.87
25.83,1498.0,99.0
15.96,2523.0,62.1
14.0,2523.0,75.0
17.0,1497.0,118.0
18.6,1197.0,81.83
19.7,796.0,46.3
13.0,1343.0,90.0
19.3,1248.0,73.9
23.1,998.0,67.04
16.78,1496.0,88.73
18.0,1969.0,190.0
15.3,1193.0,65.3
18.2,1199.0,88.7
18.9,1061.0,67.0
15.04,1598.0,103.6
21.12,1248.0,88.8
16.1,796.0,37.0
15.6,1196.0,70.0
24.04,999.0,67.0
22.77,1498.0,98.59
18.2,1199.0,88.7
20.51,998.0,67.04
14.3,1968.0,140.0
25.32,1198.0,77.0
17.4,1497.0,117.3
19.33,1248.0,82.4
23.59,1364.0,67.05
23.1,998.0,67.04
25.83,1498.0,99.0
22.0,1197.0,81.8
19.01,1461.0,108.45
16.36,2179.0,140.0
21.5,1497.0,108.5
18.6,1199.0,79.4
16.8,1405.0,62.0
20.0,1399.0,68.0
19.33,1999.0,177.0
23.57,1396.0,70.0
15.4,2523.0,75.0
20.77,1248.0,88.76
17.0,1198.0,108.5
15.96,2523.0,62.1
19.33,1248.0,82.4
22.32,1582.0,126.32
13.2,1495.0,94.0
18.0,995.0,62.0
27.3,1498.0,98.6
18.15,998.0,118.35
20.3,1248.0,75.0
25.83,1498.0,99.0
20.0,1399.0,68.0
17.01,1591.0,121.3
26.59,1248.0,74.0
17.01,1968.0,188.0
15.1,2179.0,140.0
21.1,814.0,55.2
18.6,1197.0,81.83
23.4,1248.0,74.0
17.0,1591.0,121.3
23.0,999.0,67.0
23.1,998.0,67.04
23.8,1499.0,98.63
17.0,1405.0,70.0
26.8,1597.0,118.0
22.05,796.0,47.3
20.5,1248.0,91.7
16.09,1995.0,184.0
23.0,1498.0,98.96
19.33,1248.0,82.4
24.4,1120.0,71.0
14.1,2179.0,147.94
19.08,1582.0,126.2
25.17,799.0,53.3
20.85,1197.0,83.14
16.0,2179.0,140.0
20.92,998.0,67.1
22.32,1582.0,126.32
16.47,1198.0,73.9
21.64,1461.0,84.8
15.4,2523.0,75.0
21.79,998.0,67.05
24.4,1120.0,71.0
27.39,1248.0,74.0
15.0,1396.0,100.0
23.57,1396.0,70.0
18.0,1497.0,117.6
13.0,2143.0,201.1
20.51,998.0,67.04
20.3,1248.0,75.0
22.37,2487.0,214.56
21.9,1396.0,88.76
19.5,1199.0,88.76
21.66,1498.0,108.62
18.2,998.0,67.1
20.46,1461.0,83.8
23.84,1199.0,84.0
19.33,1999.0,177.0
25.5,1498.0,98.6
22.7,1498.0,89.84
18.16,1196.0,86.8
23.84,1199.0,84.0
16.5,1493.0,70.0
20.14,1498.0,88.0
26.0,1498.0,98.6
22.7,1498.0,89.84
18.5,1197.0,83.14
18.9,1197.0,81.86
14.1,2179.0,147.94
15.0,1896.0,105.0
19.33,1248.0,82.4
14.0,2523.0,75.0
16.1,1298.0,88.2
19.3,1248.0,73.9
13.6,1999.0,177.0
19.33,1248.0,82.4
20.77,1248.0,88.8
18.9,1197.0,82.0
17.0,1497.0,118.0
12.8,2494.0,102.0
25.1,1498.0,98.6
12.8,2494.0,102.0
15.96,2523.0,62.1
20.54,1598.0,103.6
12.05,2179.0,120.0
24.3,1248.0,88.5
12.8,1489.0,35.5
19.09,1396.0,69.0
18.6,1199.0,79.4
14.0,2523.0,75.0
21.7,1498.0,98.96
24.3,1248.0,88.5
24.52,1248.0,88.5
21.19,1396.0,88.76
27.39,1248.0,74.0
16.1,796.0,37.0
20.5,1598.0,103.5
18.1,1493.0,110.0
23.65,1248.0,88.5
19.7,796.0,46.3
20.0,1399.0,68.0
20.65,1248.0,88.7
19.67,1582.0,126.2
17.4,1497.0,117.3
18.8,1248.0,90.0
21.1,1248.0,73.9
24.0,1120.0,70.0
20.77,1248.0,88.8
12.99,2494.0,100.6
19.7,796.0,46.3
11.68,2498.0,112.0
20.45,1461.0,83.8
28.4,1248.0,74.0
22.74,796.0,47.3
18.8,1248.0,90.0
20.34,1498.0,103.2
25.2,1248.0,74.0
22.74,796.0,47.3
22.54,1396.0,88.73
23.95,998.0,67.05
25.32,1198.0,77.0
25.32,1198.0,77.0
19.72,1198.0,67.0
21.1,814.0,55.2
25.2,1248.0,74.0
21.1,814.0,55.2
17.3,1497.0,121.0
21.5,1497.0,108.5
20.46,1461.0,83.8
17.8,1248.0,75.0
19.67,1582.0,126.2
23.4,1248.0,74.0
12.99,2494.0,100.6
23.0,1396.0,90.0
15.6,1196.0,70.0
19.61,1405.0,70.0
20.92,998.0,67.1
20.51,998.0,67.04
22.32,1582.0,126.32
16.1,1405.0,70.0
19.5,1199.0,75.0
22.74,796.0,47.3
14.6,1368.0,88.7
26.0,624.0,35.0
17.09,2993.0,261.4
16.78,1496.0,88.73
19.33,1248.0,82.4
17.5,1298.0,85.8
19.33,1248.0,82.4
20.85,1197.0,83.14
16.8,1984.0,150.0
19.3,1248.0,73.9
19.3,1248.0,73.9
14.0,2498.0,112.0
19.7,796.0,46.3
17.0,1497.0,118.0
17.01,1968.0,188.0
17.0,1497.0,118.0
22.77,1498.0,98.59
20.77,1248.0,88.76
21.9,1396.0,90.0
17.05,1995.0,184.0
24.4,1120.0,71.0
18.49,1493.0,100.0
19.33,1248.0,82.4
19.33,1248.0,82.4
25.1,1498.0,98.6
19.83,1198.0,67.0
21.1,814.0,55.2
23.95,998.0,67.05
23.01,999.0,67.0
21.5,1497.0,108.5
19.5,1199.0,88.76
20.86,1199.0,75.0
19.33,1999.0,177.0
19.0,1199.0,88.76
15.0,1368.0,90.0
25.44,936.0,56.3
19.09,1405.0,69.01
17.57,1193.0,88.7
28.4,1248.0,74.0
18.15,1198.0,82.0
14.0,2498.0,112.0
19.33,1248.0,82.4
28.4,1248.0,74.02
17.8,1198.0,86.7
15.96,2523.0,63.0
26.0,1498.0,98.6
17.8,1497.0,117.3
17.9,2143.0,136.0
28.09,1248.0,88.5
11.57,2179.0,138.1
24.52,1248.0,88.5
20.45,1461.0,83.8
15.3,1341.0,83.0
16.52,1991.0,123.7
23.0,1396.0,90.0
15.37,1196.0,73.0
18.88,1995.0,184.0
21.19,1396.0,88.76
24.0,1186.0,73.97
22.77,1498.0,98.59
23.0,1396.0,90.0
21.0,1498.0,74.96
17.8,1086.0,63.0
17.6,2179.0,153.86
16.8,1405.0,62.0
25.17,799.0,53.3
22.77,1498.0,98.59
16.2,1493.0,110.0
12.8,2494.0,102.0
17.01,1582.0,126.2
26.59,1248.0,74.0
18.9,998.0,67.1
24.7,796.0,47.3
25.83,1498.0,99.0
24.4,1120.0,71.01
14.2,1597.0,92.0
27.62,793.0,47.0
25.8,1498.0,98.6
12.8,2494.0,102.0
21.79,998.0,67.05
20.4,1197.0,81.8
24.0,1120.0,70.0
15.04,2755.0,174.5
22.95,1248.0,74.0
18.9,1061.0,67.0
24.3,1248.0,88.5
15.96,2523.0,62.1
22.9,1248.0,74.0
9.5,3604.0,280.0
14.1,2179.0,147.94
17.5,1298.0,85.8
21.21,1498.0,103.2
24.3,1248.0,88.5
14.8,1591.0,121.3
21.56,1462.0,103.25
18.9,1061.0,67.0
22.32,1582.0,126.32
17.3,1497.0,117.3
20.54,1598.0,103.6
20.36,1197.0,78.9
18.9,1197.0,81.86
12.99,2494.0,100.6
22.37,2487.0,214.56
17.9,2143.0,136.0
21.7,998.0,67.0
14.07,2956.0,68.4
18.9,1061.0,67.0
20.52,1197.0,81.8
21.1,814.0,55.2
15.7,1390.0,75.0
13.93,2179.0,138.03
19.33,1248.0,82.4
16.78,1496.0,88.73
23.08,1461.0,63.1
19.81,1086.0,68.05
18.2,1199.0,88.7
26.59,1248.0,74.0
17.0,1198.0,73.75
23.4,1248.0,74.0
24.7,796.0,47.3
17.01,1582.0,126.2
19.7,796.0,46.3
20.92,998.0,67.1
13.6,2523.0,63.0
25.01,1498.0,89.75
20.92,998.0,67.1
15.96,2523.0,63.0
22.74,796.0,47.3
21.1,814.0,55.2
25.8,1498.0,98.6
17.0,1956.0,138.1
14.74,2993.0,270.9
23.4,1248.0,74.0
24.0,1186.0,73.97
17.8,1399.0,68.0
21.79,998.0,67.05
23.57,1396.0,70.0
25.1,1248.0,88.5
19.33,1248.0,82.4
18.9,1197.0,81.86
27.4,1498.0,98.63
22.0,1197.0,81.8
15.3,1193.0,65.3
12.8,2494.0,102.0
15.96,2523.0,62.1
16.6,1388.0,68.0
13.68,2393.0,147.51
16.78,1995.0,190.0
13.6,2523.0,63.0
23.95,998.0,67.05
16.95,1498.0,97.7
23.0,1396.0,90.0
19.7,796.0,46.3
15.1,1196.0,73.0
20.89,1197.0,81.8
23.84,1199.0,84.0
15.8,2148.0,170.0
23.95,998.0,67.05
26.59,1248.0,74.0
24.52,1248.0,88.5
18.5,1197.0,82.85
20.36,1197.0,78.9
19.62,1998.0,190.0
23.1,998.0,67.04
14.8,2499.0,80.0
19.7,796.0,46.3
18.9,1197.0,81.86
17.57,1193.0,88.7
19.1,1197.0,82.0
17.4,1497.0,117.3
21.19,1396.0,88.73
19.0,998.0,66.1
23.01,999.0,67.0
18.6,1199.0,79.4
16.1,796.0,37.0
28.4,1248.0,74.02
11.0,2359.0,165.0
21.21,1197.0,81.8
18.5,1197.0,85.8
18.6,1197.0,81.83
19.7,796.0,46.3
19.1,1197.0,82.0
19.33,1248.0,82.4
18.16,1196.0,86.8
28.4,1248.0,74.0
15.6,1196.0,70.0
18.6,1197.0,81.83
22.0,1197.0,81.8
19.67,1582.0,126.2
25.2,1248.0,74.0
19.4,1405.0,70.0
19.33,1248.0,82.4
26.59,1248.0,74.0
17.0,1591.0,121.3
27.39,1248.0,74.0
20.3,1199.0,84.0
15.37,1196.0,73.0
12.99,2494.0,100.6
19.16,2494.0,157.7
22.0,1197.0,81.8
13.7,1368.0,88.8
22.32,1582.0,126.32
18.8,1248.0,90.0
20.4,1197.0,81.8
20.92,998.0,67.1
12.99,2494.0,100.6
21.9,1396.0,88.76
19.33,1248.0,82.4
19.4,1405.0,70.0
21.1,814.0,55.2
28.4,1248.0,74.0
16.8,1984.0,150.0
18.15,1198.0,82.0
19.0,1199.0,88.76
20.51,998.0,67.04
13.6,1999.0,177.0
23.1,998.0,67.04
17.7,1497.0,113.42
20.77,1248.0,88.8
23.95,998.0,67.05
17.57,1193.0,88.7
17.0,1497.0,118.0
19.81,1086.0,68.05
22.95,1248.0,74.0
21.38,1396.0,88.7
26.59,1248.0,74.0
25.44,936.0,57.6
12.99,2494.0,100.6
17.0,1405.0,70.0
14.3,1798.0,160.0
13.6,1999.0,177.0
20.3,1199.0,83.81
16.5,1493.0,70.0
22.0,1197.0,81.8
19.81,1086.0,68.05
19.33,1248.0,82.4
12.99,2494.0,100.6
25.17,799.0,53.3
25.83,1498.0,99.0
23.4,1248.0,74.0
12.99,2494.0,100.6
21.14,1498.0,103.52
19.62,1995.0,187.74
17.3,993.0,60.0
18.2,1199.0,88.7
19.81,1086.0,68.05
19.33,1248.0,82.4
21.64,1461.0,84.8
18.2,998.0,67.1
15.74,1591.0,121.3
21.4,1197.0,83.1
15.1,2179.0,152.87
16.0,2179.0,140.0
22.77,1498.0,98.59
20.62,1198.0,67.0
20.3,998.0,68.05
19.4,1198.0,86.8
13.6,2523.0,63.0
18.9,1197.0,82.0
20.89,1197.0,81.8
19.67,1582.0,126.2
18.0,995.0,62.0
21.1,814.0,55.2
16.0,995.0,63.0
18.2,1199.0,88.7
12.1,2362.0,164.7
21.76,1995.0,188.0
18.9,998.0,67.1
12.99,2494.0,100.6
22.3,1248.0,74.0
23.0,1498.0,98.96
19.0,998.0,66.1
14.07,2956.0,69.01
19.44,1198.0,67.0
18.0,1969.0,190.0
20.73,1373.0,91.1
14.1,2179.0,147.94
19.16,2494.0,157.7
22.74,796.0,47.3
13.5,2477.0,175.56
19.81,1086.0,68.05
21.5,1497.0,108.5
19.33,1248.0,82.4
19.33,1999.0,177.0
15.8,1591.0,121.3
24.0,1186.0,73.97
19.7,796.0,46.3
16.1,796.0,37.0
27.39,1248.0,74.0
22.5,999.0,67.0
15.04,1598.0,103.2
20.51,998.0,67.0
18.9,1197.0,82.0
19.7,796.0,46.3
15.42,1405.0,70.0
20.77,1248.0,88.76
22.15,1498.0,108.6
20.4,1197.0,81.8
25.1,1498.0,98.6
13.6,2523.0,63.0
25.1,1498.0,98.6
15.3,2956.0,83.8
22.74,796.0,47.3
15.4,1997.0,120.0
11.2,2993.0,241.0
12.99,2494.0,100.6
18.2,1199.0,82.4
22.0,1197.0,81.8
13.6,2523.0,63.0
25.44,936.0,57.6
19.67,1582.0,126.2
17.01,1968.0,188.0
20.77,1248.0,88.8
23.01,999.0,67.0
20.89,1197.0,81.8
16.8,1493.0,110.0
14.24,2755.0,174.5
22.9,1248.0,74.0
20.62,1198.0,67.0
21.79,998.0,67.05
12.99,2494.0,100.6
22.69,1995.0,190.0
19.4,1422.0,70.0
23.03,1396.0,69.0
18.1,1493.0,110.0
25.8,1498.0,98.6
16.1,796.0,37.0
20.89,1197.0,81.8
21.9,1396.0,90.0
16.1,796.0,37.0
19.0,1199.0,88.76
26.59,1248.0,74.0
18.9,998.0,67.1
23.0,1498.0,98.96
20.51,998.0,67.04
24.52,1248.0,88.5
22.9,1248.0,74.0
25.1,1248.0,88.5
23.59,1364.0,67.06
26.0,1498.0,98.6
12.99,2494.0,100.6
19.34,1198.0,76.0
28.09,1248.0,88.5
19.67,1582.0,126.2
23.0,1396.0,90.0
12.83,1999.0,148.31
24.2,1498.0,98.6
12.99,2494.0,100.6
21.12,1248.0,88.8
15.1,2179.0,140.0
20.0,1399.0,68.0
13.93,2179.0,138.1
21.12,1248.0,88.8
17.5,1197.0,85.8
24.7,796.0,47.3
22.1,1248.0,76.9
15.96,2523.0,63.0
16.1,796.0,37.0
20.77,1248.0,88.76
20.8,1527.0,58.0
23.59,1364.0,67.1
18.6,1197.0,81.83
19.33,1248.0,82.4
19.16,2494.0,157.7
21.1,814.0,55.2
16.8,796.0,34.2
23.59,1364.0,67.05
21.2,1248.0,75.0
22.74,796.0,47.3
19.33,1248.0,82.4
15.4,2179.0,120.0
24.0,1120.0,70.0
26.0,1498.0,98.6
21.12,1248.0,88.8
17.9,2143.0,170.0
17.92,1086.0,62.1
19.67,1582.0,126.2
14.23,1498.0,104.55
17.7,1497.0,78.0
18.9,1197.0,82.0
26.59,1248.0,74.0
19.1,1405.0,70.0
20.6,1968.0,141.0
18.49,2179.0,120.0
25.17,799.0,53.3
13.68,2393.0,147.8
23.57,1396.0,70.0
21.1,1197.0,85.8
20.73,1373.0,91.1
18.6,1197.0,81.83
19.4,1198.0,86.8
28.4,1248.0,74.02
20.63,1198.0,67.0
18.9,998.0,67.1
14.66,2199.0,194.3
19.33,1248.0,0.0
28.4,1248.0,74.0
19.0,998.0,67.1
20.0,1399.0,68.0
23.0,1396.0,90.0
22.0,1498.0,108.495
23.59,1364.0,67.04
21.4,1197.0,83.1
16.0,2179.0,140.0
17.3,1497.0,121.0
15.1,2179.0,140.0
22.0,1197.0,81.8
21.38,1396.0,88.7
21.1,814.0,55.2
12.99,2494.0,100.6
19.01,1461.0,108.5
15.4,2179.0,120.0
16.5,995.0,63.0
25.17,799.0,53.3
20.73,1373.0,91.1
28.4,1248.0,74.02
16.1,796.0,37.0
19.2,1461.0,65.0
17.1,1591.0,121.3
15.1,1196.0,73.0
13.93,2179.0,138.1
25.17,799.0,53.3
19.1,1197.0,85.8
14.2,1597.0,92.0
19.01,1461.0,108.45
20.51,998.0,67.04
22.0,1582.0,126.2
23.0,1248.0,88.7
20.5,1248.0,91.72
27.4,1498.0,98.63
25.5,1498.0,98.6
25.4,624.0,38.0
13.68,2393.0,147.8
23.0,1396.0,90.0
22.7,799.0,53.64
20.77,1248.0,88.76
12.99,2494.0,100.6
23.95,998.0,67.05
16.8,1984.0,150.0
18.6,1197.0,81.83
17.4,1197.0,81.86
16.8,1497.0,118.0
18.0,1969.0,190.0
13.0,2489.0,95.0
27.39,1248.0,74.0
25.6,1498.0,97.9
25.8,1498.0,98.6
26.1,1498.0,99.23
21.63,998.0,67.04
25.4,1186.0,73.97
19.09,1396.0,69.0
28.4,1248.0,74.02
19.33,1248.0,82.4
21.1,814.0,55.2
23.1,998.0,67.04
17.88,1396.0,52.8
13.0,2489.0,95.0
27.28,1047.0,69.0
11.5,2982.0,171.0
24.3,1248.0,88.5
22.95,1248.0,74.0
23.84,1199.0,84.0
24.04,999.0,67.0
21.1,814.0,55.2
15.96,2523.0,62.1
12.05,2179.0,120.0
21.1,998.0,100.5
18.1,1991.0,147.9
18.2,1248.0,73.74
15.96,2523.0,62.1
16.78,1995.0,190.0
27.39,1248.0,74.0
20.63,1198.0,67.0
20.92,998.0,67.1
22.05,796.0,47.3
20.3,1248.0,75.0
14.0,2489.0,95.0
25.44,936.0,57.6
20.3,998.0,68.05
12.5,1794.0,132.0
17.5,1298.0,85.8
20.77,1248.0,88.76
19.3,1248.0,73.9
25.83,1498.0,99.0
17.8,1497.0,117.3
19.87,1461.0,83.8
20.14,1197.0,81.86
23.2,1248.0,73.94
16.1,796.0,37.0
18.7,1199.0,88.7
11.74,2987.0,254.8
19.0,1199.0,88.76
14.0,2523.0,75.0
23.95,998.0,67.05
20.51,998.0,67.04
19.33,1248.0,82.4
11.7,2354.0,177.6
17.8,1198.0,86.7
26.0,1498.0,98.6
21.1,814.0,55.2
15.37,1196.0,73.0
16.8,796.0,34.2
25.0,1396.0,69.01
13.1,2499.0,141.0
24.3,1248.0,88.5
21.12,1248.0,88.8
19.7,796.0,46.3
17.8,1086.0,63.0
17.7,1497.0,78.0
19.33,1248.0,82.4
28.4,1248.0,74.02
15.96,2523.0,62.1
19.7,796.0,46.3
20.85,1197.0,83.14
23.95,998.0,67.05
15.4,1997.0,120.0
16.1,796.0,37.0
23.0,1396.0,90.0
24.7,796.0,47.3
16.1,796.0,37.0
26.0,624.0,35.0
20.14,1197.0,81.86
11.36,2755.0,171.5
16.2,995.0,62.1
19.33,1248.0,82.4
24.3,1248.0,88.5
25.2,1248.0,74.0
22.27,1498.0,108.6
17.8,1248.0,75.0
15.0,1368.0,90.0
16.0,1997.0,140.0
18.7,1896.0,66.0
18.9,1197.0,82.0
23.59,1364.0,67.04
24.29,1498.0,99.0
15.4,1997.0,120.0
20.0,1399.0,68.0
16.36,1495.0,93.7
20.8,1461.0,65.0
18.6,1197.0,81.86
17.67,1968.0,138.08
19.33,1999.0,177.0
17.3,993.0,60.0
25.2,1248.0,74.0
18.5,1197.0,85.8
20.0,1399.0,68.0
18.8,1248.0,90.0
23.84,1199.0,84.0
19.7,796.0,46.3
13.9,1599.0,103.2
21.1,814.0,55.2
22.05,796.0,47.3
17.8,1497.0,117.3
18.5,1197.0,85.8
11.36,2755.0,171.5
20.77,1248.0,88.8
21.5,1248.0,88.8
22.0,1197.0,81.8
26.0,624.0,35.0
23.08,1461.0,63.1
19.33,1248.0,82.4
25.32,1198.0,77.0
13.5,2987.0,282.0
15.1,2179.0,140.0
14.0,2498.0,112.0
20.36,1197.0,78.9
13.5,2477.0,175.56
15.1,2179.0,140.0
19.81,1086.0,68.05
25.17,799.0,53.3
18.5,1197.0,80.0
22.95,1248.0,74.0
22.74,796.0,47.3
13.6,1999.0,177.0
13.6,1999.0,177.0
26.59,1248.0,74.0
15.96,2523.0,62.1
19.68,1399.0,67.0
17.5,1896.0,106.0
22.54,1396.0,88.73
19.3,1248.0,73.9
16.0,1368.0,90.0
23.4,1248.0,74.0
17.0,1591.0,121.3
12.8,2494.0,102.0
14.0,796.0,35.0
17.8,1497.0,117.3
18.9,1061.0,67.0
19.7,796.0,35.0
17.0,1197.0,80.0
19.7,796.0,46.3
22.0,1197.0,81.8
17.8,1497.0,117.3
15.96,2523.0,62.1
11.0,2987.0,198.5
23.4,1248.0,74.0
16.3,1956.0,170.0
14.1,2179.0,147.94
11.36,2755.0,171.5
22.9,1248.0,74.0
19.33,1248.0,82.4
19.01,1461.0,108.5
21.1,814.0,55.2
18.0,1969.0,190.0
19.16,2494.0,157.7
19.7,796.0,46.3
17.0,1197.0,80.0
24.52,1248.0,88.5
24.7,1047.0,69.0
19.0,998.0,66.1
20.3,1199.0,84.0
12.05,2179.0,120.0
16.1,796.0,37.0
25.2,1248.0,74.0
22.0,1197.0,81.8
19.7,796.0,46.3
20.77,1248.0,88.8
17.8,1493.0,113.4
19.3,1248.0,73.9
20.73,1373.0,91.1
18.49,1493.0,100.0
20.8,1461.0,65.0
17.43,1396.0,105.5
17.57,1193.0,88.7
21.7,1498.0,98.96
20.77,1248.0,88.76
18.9,1197.0,81.86
22.37,2487.0,214.56
13.93,2956.0,138.1
21.21,1197.0,81.8
24.52,1248.0,88.5
25.8,1498.0,98.6
19.33,1248.0,82.4
15.42,1405.0,70.0
17.8,1086.0,63.0
25.0,1396.0,69.0
14.84,1598.0,103.2
17.92,1086.0,62.1
23.95,998.0,67.05
19.87,1461.0,83.8
19.1,1197.0,82.0
12.8,2494.0,102.0
17.6,2179.0,147.94
24.0,1120.0,70.0
25.5,1498.0,98.6
23.84,1199.0,84.0
20.92,998.0,67.1
12.8,2494.0,102.0
12.99,2494.0,100.6
21.79,998.0,67.05
16.8,796.0,34.2
12.99,2494.0,100.0
26.0,1498.0,98.6
25.4,1186.0,73.97
24.4,1499.0,98.96
20.73,1373.0,91.1
27.39,1248.0,74.0
24.52,1248.0,88.5
20.14,1498.0,88.8
12.7,2609.0,116.6
25.83,1498.0,99.0
18.9,1197.0,82.0
22.77,1498.0,98.59
12.8,2494.0,102.0
24.52,1248.0,88.5
25.44,936.0,57.6
16.0,2179.0,140.0
18.9,998.0,67.1
23.08,1461.0,63.1
14.1,2179.0,147.94
20.73,1373.0,91.1
21.9,1396.0,88.76
17.0,1198.0,108.5
18.0,1969.0,190.0
19.1,1197.0,85.8
23.5,909.0,45.0
17.3,993.0,60.0
22.32,1582.0,126.32
15.96,2523.0,62.1
24.3,1248.0,88.5
18.6,1197.0,85.8
25.83,1498.0,99.0
17.3,993.0,60.0
16.78,1995.0,190.0
23.59,1364.0,67.1
16.1,796.0,37.0
20.4,1197.0,81.8
13.6,1999.0,177.0
19.44,999.0,75.0
15.1,2179.0,152.87
12.8,2494.0,102.0
23.84,1199.0,84.0
23.0,1396.0,90.0
23.0,1498.0,98.96
14.3,1598.0,103.5
19.3,1248.0,73.9
20.36,1197.0,78.9
15.4,1497.0,117.3
18.6,1197.0,81.86
17.0,1198.0,73.75
15.1,2179.0,140.0
12.07,2967.0,241.4
11.57,2179.0,138.1
15.04,1991.0,183.0
25.2,1248.0,74.0
19.7,796.0,46.3
19.3,1248.0,73.9
18.49,1493.0,100.0
17.4,1497.0,117.3
10.5,2609.0,120.0
20.62,1198.0,67.0
28.09,1248.0,88.5
13.68,2393.0,147.51
23.9,624.0,37.48
23.0,1498.0,98.96
19.44,1198.0,67.0
18.2,1199.0,88.7
16.78,1496.0,88.73
19.4,1198.0,86.8
18.12,1196.0,86.8
23.95,998.0,67.05
22.95,1248.0,74.0
12.99,2494.0,100.6
18.88,1995.0,184.0
19.7,796.0,46.3
25.4,624.0,37.48
13.6,1999.0,177.0
22.07,1199.0,73.9
17.1,1956.0,170.0
23.4,1248.0,74.0
11.79,2179.0,120.0
18.15,1198.0,82.0
24.3,1248.0,88.5
19.4,1405.0,70.0
24.7,1498.0,98.63
20.3,1199.0,84.0
20.77,1248.0,88.76
20.51,998.0,67.04
21.1,814.0,55.2
22.05,796.0,47.3
19.2,1461.0,65.0
25.1,1248.0,88.5
19.33,1968.0,138.1
19.7,796.0,46.3
23.0,1396.0,90.0
16.78,1496.0,88.73
21.21,1197.0,81.8
20.4,1197.0,83.11
25.1,1498.0,98.6
15.2,1193.0,65.0
24.0,1199.0,83.81
15.37,1196.0,73.0
20.92,998.0,67.1
20.4,1197.0,81.8
25.32,1198.0,77.0
19.1,1197.0,85.8
20.4,1197.0,81.8
12.6,1586.0,103.3
22.69,1995.0,190.0
17.0,1405.0,71.0
20.92,998.0,67.1
15.96,2523.0,63.0
17.8,1497.0,117.3
17.11,1968.0,174.33
13.6,2523.0,63.0
17.92,1086.0,62.1
17.0,1591.0,121.3
22.9,1248.0,74.0
28.4,1248.0,74.02
27.39,1248.0,74.0
17.19,1197.0,81.86
18.6,1197.0,81.86
15.96,2523.0,63.0
20.0,1399.0,68.05
18.88,1995.0,184.0
21.12,1248.0,88.8
22.1,1248.0,74.0
17.4,1197.0,81.86
22.32,1582.0,126.32
19.01,1461.0,108.45
15.37,1196.0,73.0
19.7,796.0,46.3
18.6,1199.0,79.4
18.12,1995.0,190.0
25.6,1498.0,97.9
20.0,1399.0,68.0
20.14,1197.0,81.86
17.19,1197.0,81.86
19.87,1461.0,83.8
21.9,624.0,37.48
24.4,1120.0,71.0
17.0,1497.0,118.0
20.54,1598.0,103.6
17.1,1956.0,170.0
21.02,1248.0,88.8
20.36,1197.0,78.9
13.68,2393.0,147.51
14.8,2499.0,80.0
28.4,1248.0,74.0
17.8,1248.0,75.0
0.0,1086.0,62.1
18.9,1061.0,67.0
17.5,1298.0,85.8
22.32,1582.0,126.32
19.7,796.0,46.3
23.95,998.0,67.05
25.2,1248.0,74.0
23.84,1199.0,84.0
17.1,1496.0,105.5
18.7,1199.0,88.7
24.3,1248.0,88.5
16.0,2179.0,140.0
25.44,936.0,57.6
23.9,1582.0,126.2
16.0,2179.0,140.0
19.33,1248.0,82.4
20.36,1197.0,78.9
19.33,1248.0,82.4
21.1,814.0,55.2
16.78,1995.0,190.0
18.9,998.0,67.1
23.4,1248.0,74.0
25.17,799.0,53.3
13.2,1495.0,94.0
24.0,1120.0,70.0
18.9,1197.0,81.86
20.37,1461.0,108.45
24.7,796.0,47.3
18.9,1197.0,82.0
15.4,1997.0,120.0
16.2,995.0,62.1
24.0,1186.0,73.97
16.8,1493.0,110.0
20.85,1197.0,83.14
21.1,1197.0,85.8
12.99,2494.0,100.6
18.12,1995.0,190.0
22.32,1582.0,126.32
24.0,1120.0,70.0
18.6,1197.0,81.83
17.0,1405.0,71.0
13.0,2982.0,168.5
15.4,1997.0,120.0
20.36,1197.0,78.9
16.0,2179.0,140.0
19.67,1582.0,126.2
15.96,2523.0,62.1
23.95,998.0,67.1
20.92,998.0,67.1
22.0,1582.0,126.2
21.1,1248.0,73.9
22.74,796.0,47.3
18.9,1197.0,82.0
19.1,1405.0,70.0
25.17,799.0,53.3
24.2,1498.0,98.6
23.01,999.0,67.0
20.3,1086.0,68.0
20.51,998.0,67.04
19.67,1582.0,126.2
25.17,799.0,53.3
21.04,1461.0,83.8
15.96,2523.0,63.0
12.99,2494.0,100.6
23.1,998.0,67.04
12.7,2609.0,120.0
19.4,1405.0,70.0
18.5,1197.0,82.85
14.95,2489.0,93.7
25.8,1498.0,98.6
21.27,1396.0,88.76
19.33,1248.0,82.4
18.0,1497.0,117.6
13.58,2499.0,72.4
20.45,1461.0,83.8
18.0,995.0,62.0
19.87,1461.0,83.8
26.0,624.0,35.0
16.9,1497.0,100.0
25.8,1498.0,98.6
21.79,998.0,67.05
17.7,1497.0,78.0
20.3,1086.0,68.0
19.0,1199.0,88.76
19.7,796.0,46.3
23.95,998.0,67.05
21.1,1248.0,73.9
16.55,2498.0,105.0
16.8,796.0,34.2
18.6,1199.0,76.8
21.14,1498.0,103.52
23.4,1248.0,74.0
19.7,796.0,46.3
23.26,1197.0,88.5
19.7,796.0,46.3
20.77,1248.0,88.8
15.96,2523.0,63.0
18.2,1061.0,64.0
21.1,1248.0,73.9
18.9,998.0,67.1
16.8,1405.0,62.0
18.0,1969.0,190.0
18.6,1197.0,81.83
23.0,1396.0,90.0
20.92,998.0,67.1
18.49,1493.0,100.0
17.19,1197.0,81.86
9.5,3604.0,280.0
17.0,1197.0,110.0
23.59,1364.0,67.04
18.15,1198.0,82.0
19.81,1086.0,68.05
21.19,1396.0,88.73
19.7,796.0,46.3
21.4,1197.0,83.1
22.7,1582.0,126.24
21.1,1248.0,73.9
17.8,1399.0,68.0
23.95,998.0,67.05
26.59,1248.0,74.0
18.0,995.0,62.0
21.1,814.0,55.2
23.01,999.0,67.0
21.9,1498.0,98.6
25.8,1498.0,98.6
25.5,1498.0,98.6
18.16,1196.0,86.8
16.0,2179.0,140.0
21.43,1364.0,87.2
16.8,1497.0,116.4
15.37,1196.0,73.0
19.7,796.0,46.3
21.9,1498.0,98.6
20.14,1197.0,81.86
21.19,1396.0,88.73
21.1,1248.0,73.9
20.4,1197.0,81.8
19.33,1999.0,177.0
22.0,1197.0,81.8
15.4,2179.0,120.0
18.0,1969.0,190.0
17.5,1298.0,85.8
20.51,998.0,67.04
15.1,2179.0,140.0
20.36,1197.0,78.9
23.0,1396.0,90.0
15.1,2179.0,140.0
19.68,1399.0,67.0
17.3,1061.0,64.0
20.89,1197.0,81.8
22.0,1197.0,81.8
12.99,2494.0,100.6
18.5,1194.0,94.93
15.7,1172.0,67.0
18.5,1197.0,82.85
25.44,936.0,57.6
15.1,2179.0,140.0
25.8,1498.0,98.6
22.54,1396.0,88.73
12.99,2494.0,100.6
18.2,1248.0,73.8
15.96,2523.0,62.1
19.81,1086.0,68.05
20.51,998.0,67.04
13.6,2523.0,63.0
19.7,796.0,46.3
10.9,2499.0,143.0
17.5,1373.0,91.1
23.1,998.0,67.04
25.1,1498.0,98.6
18.0,995.0,62.0
19.33,1999.0,177.0
18.15,1198.0,82.0
25.8,1498.0,98.6
25.44,936.0,56.3
16.1,1298.0,88.2
22.0,1197.0,81.8
13.6,1999.0,177.0
22.32,1582.0,126.32
12.8,2494.0,102.0
24.7,796.0,47.3
19.6,1461.0,108.45
21.7,1498.0,98.96
18.06,1198.0,75.0
23.01,999.0,67.0
16.78,1995.0,190.0
16.55,2498.0,105.0
20.77,1248.0,88.76
19.6,1461.0,108.45
19.7,796.0,46.3
18.16,1196.0,86.8
21.66,1498.0,103.52
12.99,2494.0,100.6
24.0,1120.0,70.0
21.1,814.0,55.2
22.74,796.0,47.3
27.28,1047.0,69.0
15.4,2179.0,120.0
12.07,2967.0,241.4
14.0,1061.0,64.0
13.0,2489.0,95.0
24.5,1498.0,98.6
19.33,1248.0,82.4
26.59,1248.0,74.0
15.96,2523.0,62.1
18.9,1197.0,82.0
25.8,1498.0,98.6
23.0,1396.0,90.0
24.5,1498.0,98.6
28.09,1248.0,88.5
19.44,1198.0,67.0
20.3,1199.0,84.0
13.68,2393.0,147.8
19.33,1248.0,82.4
22.54,1396.0,88.73
18.0,1497.0,117.6
12.07,2967.0,241.4
18.6,1197.0,81.83
19.3,1248.0,73.9
20.92,998.0,67.1
17.9,2143.0,136.0
19.1,1197.0,82.0
19.1,1405.0,70.0
18.0,1248.0,75.0
18.5,1399.0,68.0
24.52,1248.0,88.5
13.6,2523.0,63.0
20.0,1497.0,115.0
16.52,1991.0,123.7
21.4,1197.0,83.1
18.5,1198.0,86.8
17.57,1193.0,88.7
17.6,2179.0,147.94
15.96,2523.0,62.1
20.65,1248.0,88.7
17.01,1582.0,126.2
19.2,1461.0,65.0
17.8,1399.0,68.0
23.84,1199.0,84.0
17.0,1497.0,121.31
24.0,1120.0,70.0
13.1,2499.0,141.0
21.01,1197.0,81.8
22.0,1197.0,81.8
15.64,1193.0,64.1
20.5,1248.0,91.72
20.85,1197.0,83.14
15.37,1196.0,73.0
18.5,1198.0,86.8
22.0,1197.0,81.8
17.0,2200.0,139.01
20.0,1497.0,115.0
16.78,1995.0,190.0
20.3,1086.0,68.0
15.3,1341.0,83.0
23.9,1582.0,126.2
17.3,993.0,60.0
13.1,1493.0,82.0
12.05,2179.0,120.0
14.74,2993.0,270.9
20.45,1461.0,83.8
20.0,1399.0,68.0
23.4,1248.0,74.0
15.5,1586.0,103.3
0.0,1197.0,103.25
27.39,1248.0,74.0
21.63,998.0,67.04
21.4,1197.0,83.1
16.55,2498.0,105.0
17.3,993.0,60.0
16.6,1388.0,68.0
19.81,1086.0,68.05
19.09,1405.0,69.01
18.7,1199.0,88.7
19.7,796.0,46.3
24.0,1186.0,73.97
12.8,2494.0,102.0
17.0,1591.0,121.3
25.4,1186.0,73.97
16.1,796.0,37.0
21.4,1197.0,83.1
16.02,1373.0,93.7
21.19,1396.0,88.73
25.2,1248.0,74.0
16.0,2179.0,140.0
18.9,1197.0,81.86
23.01,999.0,67.0
17.09,2993.0,261.4
23.5,909.0,45.0
19.09,1405.0,69.01
25.17,799.0,53.3
24.52,1248.0,88.5
18.9,1061.0,67.0
18.7,1199.0,88.7
12.8,2494.0,102.0
17.8,1497.0,117.3
24.7,796.0,47.3
23.1,998.0,67.04
20.54,1598.0,103.6
11.9,1595.0,120.7
20.4,1197.0,81.8
13.0,1343.0,90.0
22.74,796.0,47.3
23.57,1396.0,70.0
17.2,1396.0,53.5
20.92,998.0,67.1
17.8,1399.0,67.0
18.9,998.0,67.1
20.54,1598.0,103.6
18.6,1197.0,81.83
23.01,999.0,67.0
13.6,2523.0,63.0
22.74,796.0,47.3
20.36,1197.0,78.9
22.7,1582.0,126.2
24.7,796.0,47.3
19.33,1999.0,177.0
17.4,1497.0,117.3
13.5,2477.0,175.56
12.99,2494.0,100.6
19.33,1248.0,82.4
20.4,1197.0,81.8
14.81,1998.0,163.7
23.59,1364.0,67.04
26.59,1248.0,74.0
17.8,1399.0,67.0
22.1,1248.0,76.9
22.0,1197.0,81.8
15.37,1196.0,73.0
19.0,1199.0,88.76
24.3,1248.0,88.5
28.4,1248.0,74.02
19.49,1198.0,67.04
20.77,1248.0,88.76
18.5,1198.0,86.8
21.5,1498.0,108.5
23.65,1248.0,88.5
19.7,2143.0,134.1
20.54,1598.0,103.6
16.1,1298.0,88.2
17.45,1493.0,100.0
22.9,1248.0,74.0
22.27,1498.0,108.6
20.45,1461.0,83.8
13.93,2179.0,138.0
23.59,1364.0,67.04
21.38,1396.0,88.7
25.4,1186.0,73.97
25.2,1248.0,74.0
25.32,1198.0,77.0
23.0,1498.0,98.96
18.9,1197.0,81.86
27.39,1248.0,74.0
22.1,1248.0,76.9
23.08,1461.0,63.1
13.8,1299.0,70.0
15.4,2179.0,120.0
23.03,1396.0,69.0
21.4,1197.0,83.1
15.5,1586.0,103.3
25.8,1498.0,98.6
20.3,1086.0,68.0
17.4,1497.0,117.3
10.5,2179.0,120.0
21.4,1197.0,83.1
19.16,2494.0,157.7
18.25,1968.0,187.74
19.33,1248.0,82.4
16.95,1498.0,97.7
28.4,1248.0,74.0
16.78,1995.0,190.0
17.0,1198.0,108.5
19.33,1999.0,177.0
20.71,799.0,53.26
22.3,1248.0,88.8
16.78,1995.0,190.0
15.0,1991.0,194.4
22.54,1396.0,88.73
12.05,2179.0,120.0
13.5,2179.0,115.0
20.85,1197.0,83.14
25.17,799.0,53.3
20.51,998.0,67.0
18.9,1197.0,82.0
25.44,936.0,56.3
19.7,796.0,46.3
20.86,1199.0,75.0
20.45,1461.0,83.8
18.0,1969.0,190.0
19.01,1461.0,108.45
23.0,1396.0,90.0
27.39,1248.0,74.0
19.87,1461.0,83.8
17.0,1405.0,71.0
20.14,1197.0,81.86
21.1,1248.0,73.9
12.99,2494.0,100.57
23.95,998.0,67.05
15.3,2956.0,83.83
22.0,1197.0,81.8
18.9,1197.0,82.0
19.0,1199.0,88.76
18.1,1493.0,110.0
21.03,1461.0,65.0
21.9,1396.0,88.76
13.93,2179.0,138.0
23.2,1248.0,73.94
17.4,1497.0,117.3
20.89,1197.0,81.8
10.93,2497.0,204.0
12.9,1799.0,130.0
18.15,1198.0,82.0
25.83,1498.0,99.0
19.4,1405.0,70.0
18.9,1197.0,82.0
20.36,1197.0,78.9
23.0,1248.0,88.7
18.16,1197.0,78.8
18.6,1197.0,81.83
15.1,2179.0,140.0
18.5,1197.0,85.8
22.37,2487.0,214.56
16.1,796.0,37.0
18.5,1197.0,85.8
21.5,1497.0,108.5
15.8,1591.0,121.3
21.1,814.0,55.2
20.4,1248.0,91.7
23.95,998.0,67.05
17.2,1396.0,53.5
17.57,1193.0,88.7
22.9,1248.0,74.0
17.0,1405.0,71.0
18.9,998.0,67.1
22.95,1248.0,74.0
18.6,1197.0,81.83
28.4,1248.0,74.02
14.1,2179.0,147.94
16.36,2179.0,187.7
22.9,1248.0,74.0
21.1,814.0,55.2
11.3,2987.0,254.8
19.67,1582.0,126.2
25.1,1498.0,98.6
17.0,1197.0,80.0
25.83,1498.0,99.0
19.7,796.0,46.3
21.21,1197.0,81.8
19.09,1396.0,69.0
24.7,796.0,47.3
17.92,1086.0,62.1
23.95,998.0,67.1
19.01,1461.0,108.45
20.36,1197.0,78.9
13.96,1451.0,141.0
12.99,2494.0,100.6
22.15,1498.0,108.6
18.49,1493.0,100.0
24.3,1248.0,88.5
23.2,1248.0,73.94
19.4,1198.0,86.8
21.1,814.0,55.2
16.55,2498.0,105.0
22.0,1197.0,81.8
19.09,1405.0,69.01
18.49,1493.0,100.0
21.0,1498.0,74.96
17.92,1086.0,62.1
24.7,1498.0,98.63
15.96,2523.0,63.0
18.6,1197.0,81.83
13.4,1794.0,125.0
12.99,2494.0,100.6
20.51,998.0,67.0
13.93,2179.0,138.03
25.44,936.0,57.6
15.73,1968.0,174.33
20.4,1197.0,81.8
25.17,799.0,53.3
18.9,998.0,67.1
18.5,796.0,53.0
12.7,2609.0,116.6
22.9,1248.0,74.0
18.6,1197.0,81.83
16.25,1198.0,73.9
17.68,1968.0,174.33
18.9,998.0,67.1
19.33,1248.0,82.4
28.09,1248.0,88.5
21.1,1197.0,85.8
13.93,2179.0,138.03
16.8,796.0,34.2
19.7,796.0,46.3
18.88,1995.0,184.0
27.39,1248.0,74.0
16.36,2179.0,120.0
21.63,998.0,67.0
17.6,2179.0,153.86
17.3,1497.0,121.0
15.4,1497.0,117.3
19.33,1248.0,82.4
27.39,1248.0,74.0
28.4,1248.0,74.02
20.14,1498.0,88.0
19.4,1405.0,70.0
18.9,1061.0,67.0
21.1,998.0,100.5
15.6,1586.0,104.68
16.95,1197.0,78.9
20.0,1399.0,68.0
18.6,1197.0,85.8
20.3,1086.0,68.0
19.7,796.0,46.3
19.33,1248.0,82.4
20.36,1197.0,78.9
20.54,1598.0,103.6
17.92,1086.0,62.1
25.17,799.0,53.3
12.2,1994.0,105.3
22.9,1248.0,74.0
25.2,1248.0,74.0
28.4,1248.0,74.02
28.4,1248.0,74.02
19.33,1248.0,82.4
25.8,1498.0,98.6
15.1,2179.0,140.0
18.49,1493.0,100.0
13.96,1451.0,141.0
17.0,2596.0,80.8
18.15,1198.0,82.0
21.79,998.0,67.05
17.1,1493.0,110.0
20.3,1086.0,68.0
22.07,1199.0,73.9
21.4,1197.0,83.1
19.7,796.0,46.3
25.8,1498.0,98.6
12.8,2494.0,102.0
19.1,1197.0,85.8
16.55,1968.0,147.51
28.09,1248.0,88.5
22.0,1197.0,81.8
21.79,998.0,67.05
18.9,1197.0,81.86
15.96,2523.0,63.0
20.3,1248.0,75.0
19.09,1396.0,69.0
16.0,2179.0,140.0
18.5,1197.0,85.8
20.77,1248.0,88.76
18.0,995.0,62.0
19.33,1248.0,82.4
14.0,1948.0,90.0
17.8,1199.0,76.8
24.3,1248.0,88.5
22.74,796.0,47.3
22.37,2487.0,214.56
28.4,1248.0,74.02
23.4,1248.0,74.0
18.1,1493.0,110.0
16.3,1956.0,170.0
20.14,1498.0,88.8
21.1,814.0,55.2
19.7,796.0,46.3
14.67,1798.0,177.46
18.5,1197.0,82.85
22.54,1396.0,88.73
19.67,1582.0,126.2
24.0,1186.0,73.97
20.0,1399.0,68.0
10.93,2497.0,204.0
22.07,1199.0,73.9
20.85,1197.0,83.14
20.36,1197.0,78.9
21.5,1497.0,108.5
19.33,1248.0,82.4
22.54,1396.0,88.73
16.02,1373.0,93.7
25.44,936.0,57.6
25.1,1248.0,88.5
18.6,1197.0,81.83
17.8,1399.0,68.0
18.88,999.0,123.37
20.3,1248.0,75.0
16.78,1496.0,88.73
21.04,1461.0,83.8
15.4,1997.0,120.0
20.77,1248.0,88.76
0.0,2179.0,115.0
23.1,998.0,67.04
19.1,1197.0,85.8
19.33,1248.0,82.4
12.99,2494.0,100.0
22.3,1248.0,74.0
21.79,998.0,67.05
21.1,1197.0,85.8
15.96,2523.0,62.1
18.1,1493.0,110.0
9.5,3604.0,280.0
23.84,1199.0,84.48
23.0,1248.0,88.7
26.59,1248.0,74.0
15.1,2179.0,140.0
27.39,1248.0,74.0
12.05,2179.0,120.0
19.33,1999.0,177.0
18.9,998.0,67.1
13.5,2179.0,115.0
15.96,2523.0,62.1
18.49,1493.0,100.0
21.21,1197.0,81.8
20.4,1197.0,83.11
14.53,1794.0,138.1
18.06,1198.0,75.0
19.7,796.0,46.3
18.2,1061.0,64.0
16.52,1991.0,123.7
16.0,1997.0,140.0
25.6,1498.0,97.9
19.67,1582.0,126.2
17.4,1497.0,117.3
18.6,1197.0,85.8
13.2,1495.0,94.0
16.1,796.0,37.0
21.21,1197.0,81.8
18.88,1995.0,184.0
18.5,1197.0,82.85
18.2,1248.0,73.8
18.9,1197.0,81.86
16.78,1995.0,190.0
19.81,1086.0,68.05
27.39,1248.0,74.0
16.8,1405.0,68.0
13.6,2523.0,63.0
15.96,2523.0,62.1
16.5,1493.0,70.0
18.5,1197.0,85.8
24.5,1498.0,98.6
18.2,1199.0,82.4
15.1,2179.0,140.0
22.77,1498.0,98.59
15.0,1896.0,105.0
13.6,1999.0,177.0
16.8,1984.0,150.0
18.6,1197.0,81.83
14.0,2498.0,112.0
22.32,1582.0,126.32
20.0,1399.0,68.0
19.09,1405.0,69.01
21.04,1461.0,83.8
24.3,1248.0,88.5
22.9,1248.0,74.0
20.51,998.0,67.04
20.36,1197.0,78.9
22.9,1248.0,74.0
13.0,1343.0,90.0
24.3,1248.0,88.5
15.1,2179.0,140.0
16.36,1495.0,93.7
17.57,1193.0,88.7
22.9,1248.0,74.0
19.33,1248.0,82.4
22.54,1396.0,88.73
17.01,1499.0,110.4
25.5,1498.0,98.6
20.45,1461.0,83.8
24.3,1248.0,88.5
20.4,1197.0,81.8
22.9,1248.0,74.0
19.01,1461.0,108.45
15.17,1968.0,181.0
19.33,1248.0,82.4
23.84,1199.0,84.0
23.2,1248.0,73.94
22.32,1582.0,126.3
15.3,2956.0,83.83
23.2,1248.0,73.94
18.6,1197.0,81.83
11.36,2755.0,171.5
15.96,2523.0,62.1
23.84,1199.0,84.0
25.2,1248.0,74.0
25.17,799.0,53.3
17.0,1405.0,71.0
20.4,1461.0,108.5
14.0,1595.0,102.0
19.33,1999.0,177.0
23.0,1396.0,90.0
26.0,1498.0,98.6
25.0,1396.0,69.0
26.59,1248.0,74.0
17.8,1399.0,68.0
23.4,1248.0,74.0
19.61,1405.0,70.0
17.57,1193.0,88.7
20.89,1197.0,81.8
13.6,2523.0,63.0
23.84,1199.0,84.0
13.2,1495.0,94.0
17.36,1197.0,81.86
25.44,936.0,57.6
23.08,1461.0,63.1
16.8,1984.0,150.0
18.49,1493.0,100.0
23.4,1248.0,74.0
25.1,1248.0,88.5
22.0,1582.0,126.2
14.5,1797.0,147.5
12.55,2982.0,168.5
11.5,2982.0,171.0
19.72,1461.0,108.45
20.36,1197.0,78.9
15.96,2523.0,62.1
21.1,814.0,55.2
25.32,1198.0,77.0
20.77,1248.0,88.8
18.6,1199.0,76.8
15.96,2523.0,62.1
19.3,1248.0,73.9
19.33,1248.0,82.4
28.4,1248.0,74.0
15.7,1405.0,70.0
23.4,1248.0,74.0
18.2,1199.0,88.7
13.0,1493.0,100.0
24.3,1248.0,88.5
17.8,1399.0,68.0
25.1,1498.0,98.6
12.8,2494.0,102.0
15.3,1341.0,83.0
25.2,1248.0,74.0
19.7,796.0,46.3
20.54,1598.0,103.6
17.8,1248.0,75.0
17.88,1396.0,52.8
20.85,1197.0,83.14
22.0,1197.0,81.8
21.21,1197.0,81.8
18.7,1199.0,88.7
28.09,1248.0,88.5
19.81,1086.0,68.05
17.92,1086.0,62.1
15.1,2179.0,140.0
19.7,796.0,46.3
19.3,1248.0,73.9
13.5,2987.0,254.79
23.84,1199.0,84.0
27.39,1248.0,74.0
21.5,1248.0,88.8
23.9,1582.0,126.2
23.59,1364.0,67.04
20.73,1373.0,91.1
12.99,2494.0,100.6
26.59,1248.0,74.0
14.3,1598.0,103.5
19.16,2494.0,157.7
16.1,796.0,37.0
23.01,999.0,67.0
18.9,1197.0,81.86
12.8,1493.0,100.0
19.87,1461.0,83.14
16.1,796.0,37.0
28.4,1248.0,74.02
22.5,999.0,67.0
16.8,1984.0,150.0
19.4,1194.0,94.93
17.88,1396.0,52.8
16.1,796.0,37.0
25.17,799.0,53.3
15.41,1598.0,103.2
18.6,1197.0,81.83
13.6,1999.0,177.0
16.55,2498.0,105.0
23.01,999.0,67.0
15.4,2523.0,75.0
20.36,1197.0,78.9
18.15,1198.0,82.0
18.0,1969.0,190.0
21.03,1461.0,65.0
22.32,1582.0,126.32
18.9,1197.0,81.86
27.62,793.0,47.0
17.88,1396.0,52.8
22.0,1197.0,81.8
21.7,1498.0,98.96
12.05,2179.0,120.0
19.7,796.0,46.3
27.62,793.0,47.0
15.04,2755.0,174.5
13.6,2523.0,63.0
22.77,1498.0,98.59
23.84,1199.0,84.0
17.68,1968.0,174.33
17.8,1497.0,117.3
18.7,1199.0,88.7
15.4,2179.0,120.0
28.4,1248.0,74.0
23.84,1199.0,84.0
22.37,2487.0,214.56
25.1,1248.0,88.5
19.7,796.0,46.3
21.01,1197.0,81.8
18.9,1061.0,67.0
21.4,1197.0,83.1
18.15,1198.0,82.0
18.6,1197.0,81.83
23.0,1498.0,98.96
24.7,796.0,47.3
25.4,1186.0,73.97
17.43,1396.0,105.5
16.4,1896.0,90.0
22.74,796.0,47.3
18.7,1199.0,88.7
19.0,1199.0,88.7
13.1,1997.0,141.1
22.32,1582.0,126.32
12.8,2494.0,102.0
16.1,796.0,37.0
25.6,1498.0,97.9
18.48,1995.0,177.0
17.6,1496.0,88.7
21.9,1396.0,88.76
18.9,1197.0,81.86
23.95,998.0,67.1
23.2,1248.0,73.94
26.0,1498.0,98.6
19.7,796.0,46.3
16.1,796.0,37.0
25.44,936.0,57.6
15.4,2179.0,120.0
19.3,1248.0,73.9
15.96,2523.0,62.1
21.66,1498.0,103.52
19.0,1199.0,88.76
20.8,1461.0,65.0
16.9,1061.0,64.9
21.1,814.0,55.2
15.96,2523.0,62.1
19.7,796.0,46.3
22.07,1199.0,73.9
20.0,1399.0,68.0
28.09,1248.0,88.5
21.38,1396.0,88.7
23.9,1582.0,126.2
12.07,2967.0,241.4
18.7,1199.0,88.7
19.1,1405.0,70.0
19.33,1248.0,82.4
26.59,1248.0,74.0
15.96,2523.0,62.1
25.0,1396.0,69.0
23.59,1364.0,67.06
12.05,2179.0,120.0
18.2,1199.0,88.7
20.14,1498.0,88.5
18.0,1497.0,117.6
19.33,1248.0,82.4
18.2,1248.0,73.74
22.54,1396.0,88.73
25.17,799.0,53.3
24.3,1248.0,88.5
19.4,1198.0,86.8
18.6,1197.0,81.83
20.51,998.0,67.04
14.24,2755.0,174.5
17.0,1497.0,118.0
21.21,1197.0,81.8
20.54,1598.0,103.6
25.2,1248.0,74.0
12.05,2179.0,120.0
13.6,2523.0,63.0
13.4,1997.0,135.1
17.19,1197.0,81.86
19.1,1197.0,85.8
25.17,799.0,53.3
18.5,1197.0,80.0
19.0,1199.0,88.7
15.3,2956.0,83.8
16.0,2179.0,138.0
23.03,1396.0,69.0
18.9,1197.0,82.0
19.33,1968.0,138.1
21.7,1498.0,98.96
16.55,2498.0,105.0
13.93,2179.0,138.0
16.78,1995.0,190.0
21.1,1248.0,73.9
18.9,1197.0,81.86
23.0,1396.0,90.0
20.3,1086.0,68.0
16.8,1497.0,116.3
16.5,1493.0,70.0
17.8,1496.0,105.5
22.0,1582.0,126.2
19.68,1399.0,67.0
19.7,796.0,46.3
20.5,1598.0,103.5
18.2,1199.0,88.7
19.4,1194.0,94.93
22.74,796.0,47.3
22.32,1582.0,126.32
18.6,1197.0,85.8
18.9,1197.0,81.86
19.67,1582.0,126.2
24.52,1248.0,88.5
20.85,1197.0,83.14
24.0,1186.0,73.97
20.36,1197.0,78.9
16.36,2179.0,140.0
18.9,998.0,67.1
19.67,1582.0,126.2
19.7,796.0,46.3
14.1,2179.0,147.94
21.21,1197.0,81.8
23.84,1199.0,83.83
22.74,796.0,47.3
21.1,814.0,55.2
22.7,799.0,53.64
12.05,2179.0,120.0
19.16,2494.0,157.7
16.2,1199.0,74.0
23.84,1199.0,84.0
11.18,2696.0,184.0
19.33,1248.0,82.4
12.9,2755.0,174.5
23.4,1248.0,74.0
17.1,1956.0,170.0
17.3,993.0,60.0
11.57,2179.0,138.1
14.0,1948.0,90.0
22.3,1248.0,74.0
14.09,1596.0,99.6
17.7,1497.0,78.0
21.8,1461.0,78.0
21.79,1248.0,88.73
20.36,1197.0,78.9
24.52,1248.0,88.5
21.21,1197.0,81.8
23.4,1248.0,74.0
17.92,1086.0,62.1
12.8,1396.0,85.0
12.8,2494.0,102.0
21.1,814.0,55.2
20.0,1399.0,68.0
19.01,1462.0,103.2
11.57,2179.0,138.1
21.7,1498.0,98.96
19.0,998.0,66.1
19.33,1248.0,82.4
18.5,1197.0,85.8
17.19,1197.0,81.86
18.6,1197.0,81.83
23.2,1248.0,73.94
19.33,1248.0,82.4
20.85,1197.0,83.14
22.7,799.0,53.64
22.0,1197.0,81.8
22.9,1248.0,74.0
18.9,1197.0,82.0
19.33,1248.0,82.4
17.8,1497.0,117.3
21.38,1396.0,88.7
18.0,1198.0,86.7
10.93,3498.0,272.0
15.96,2523.0,62.1
18.7,1199.0,88.7
25.2,1248.0,74.0
28.4,1248.0,74.02
16.9,1197.0,81.86
17.2,1396.0,53.5
14.3,1598.0,103.5
23.1,998.0,67.04
19.0,1199.0,88.76
12.6,1586.0,103.2
15.96,2523.0,63.0
23.95,998.0,67.05
19.3,1248.0,73.9
16.8,1984.0,150.0
13.0,2489.0,95.0
15.3,2956.0,83.8
18.6,1197.0,81.83
13.6,2523.0,63.0
15.6,1196.0,70.0
19.0,1199.0,88.76
22.95,1248.0,74.0
17.8,1493.0,113.4
20.51,998.0,67.04
13.93,2179.0,138.0
24.3,1248.0,88.5
21.66,1498.0,108.62
21.43,1364.0,87.2
20.63,1198.0,67.0
14.53,1798.0,138.0
16.0,2179.0,138.0
20.77,1248.0,88.76
22.1,1396.0,88.7
16.0,2179.0,140.0
20.51,998.0,67.04
23.84,1199.0,83.83
25.2,1248.0,74.0
20.34,1498.0,103.2
21.01,1197.0,81.8
22.0,1197.0,81.8
17.6,1496.0,88.7
28.4,1248.0,74.02
24.7,796.0,47.3
14.8,2499.0,80.0
23.0,1498.0,98.96
18.6,1199.0,76.8
20.14,1498.0,88.5
24.7,796.0,47.3
18.6,1197.0,81.83
19.0,1199.0,88.7
16.78,1496.0,88.73
0.0,2987.0,165.0
15.4,2179.0,120.0
20.8,1461.0,65.0
19.09,1396.0,69.0
17.0,1405.0,71.0
17.8,1399.0,68.0
19.33,1248.0,82.4
16.8,1405.0,68.0
20.4,1248.0,91.7
20.4,1197.0,81.8
16.8,796.0,34.2
13.4,2362.0,164.7
23.95,998.0,67.05
20.8,1461.0,64.1
23.0,1498.0,98.96
19.7,796.0,46.3
19.59,1995.0,187.74
19.7,796.0,46.3
18.2,1248.0,73.8
16.55,2498.0,105.0
25.8,1498.0,98.6
14.1,2179.0,147.94
24.3,1248.0,88.5
17.2,1396.0,53.5
15.4,1997.0,120.0
27.28,1047.0,69.0
22.77,1498.0,98.59
19.34,1198.0,76.0
18.9,998.0,67.1
11.0,2179.0,120.0
13.5,2179.0,115.0
16.2,1493.0,110.0
20.52,1197.0,81.8
16.1,1298.0,88.2
22.0,1197.0,81.8
21.1,814.0,55.2
19.62,1998.0,190.0
23.0,1498.0,98.96
19.0,998.0,66.1
15.37,1196.0,73.0
20.0,1399.0,68.0
18.06,2523.0,63.0
20.73,1373.0,91.1
21.1,1248.0,73.9
12.99,2494.0,100.6
14.3,1598.0,103.5
16.8,1984.0,150.0
0.0,1086.0,62.0
19.09,1396.0,69.0
21.0,1461.0,64.1
20.51,998.0,67.04
24.0,1186.0,73.97
17.5,1298.0,85.8
15.1,2179.0,140.0
19.33,1248.0,82.4
18.6,1197.0,81.83
23.0,1498.0,98.96
18.2,1199.0,84.8
24.3,1248.0,88.5
18.6,1199.0,79.4
18.49,1493.0,100.0
16.1,796.0,37.0
19.7,1598.0,103.6
22.74,796.0,47.3
24.0,1186.0,73.97
21.4,1197.0,83.1
22.54,1396.0,88.73
19.81,1086.0,68.05
17.92,1086.0,62.1
17.8,1248.0,75.0
23.84,1199.0,84.0
19.33,1248.0,82.4
20.3,1086.0,68.0
11.57,2179.0,138.1
18.6,1197.0,81.83
22.95,1248.0,74.0
19.33,1248.0,82.4
15.4,1497.0,117.3
20.92,998.0,67.1
19.7,796.0,46.3
17.1,1956.0,170.0
11.07,2496.0,179.5
21.21,1197.0,81.8
19.7,796.0,46.3
9.0,1984.0,181.0
15.3,2956.0,83.83
19.7,796.0,35.0
19.3,1248.0,73.9
10.5,2179.0,120.0
24.4,1499.0,98.96
18.49,1493.0,100.0
19.09,1396.0,69.0
20.51,998.0,67.0
21.1,814.0,55.2
18.15,1198.0,82.0
16.02,1373.0,93.7
23.2,1248.0,73.94
21.21,1197.0,81.8
22.1,1396.0,88.7
14.7,1150.0,76.0
15.74,1591.0,121.3
17.6,2179.0,153.86
15.7,1172.0,67.0
22.74,796.0,47.3
12.9,1799.0,130.0
22.0,1197.0,81.8
22.32,1582.0,126.3
19.7,796.0,46.3
23.59,1364.0,67.05
18.0,1969.0,190.0
21.1,814.0,55.2
17.8,1198.0,86.7
25.8,1498.0,98.6
18.6,1197.0,81.83
17.8,1248.0,75.0
16.8,1984.0,150.0
19.4,1405.0,70.0
28.4,1248.0,74.02
25.0,1396.0,69.0
16.2,1599.0,103.2
22.0,1197.0,81.8
13.9,1599.0,103.2
18.49,1493.0,100.0
18.12,1995.0,190.0
26.59,1248.0,74.0
18.2,1199.0,88.7
24.0,1120.0,70.0
22.54,1396.0,88.76
18.2,1061.0,64.0
16.95,1498.0,97.7
17.8,1493.0,113.4
21.19,1396.0,88.73
22.32,1582.0,126.32
16.55,2498.0,105.0
24.4,1498.0,98.63
17.4,1197.0,81.86
19.33,1248.0,0.0
20.51,998.0,67.04
16.1,796.0,37.0
12.99,2494.0,100.0
23.0,1396.0,90.0
22.3,1248.0,74.0
15.1,2179.0,140.0
22.32,1582.0,126.32
18.9,998.0,67.1
12.99,2494.0,100.6
24.0,1186.0,73.97
22.0,1197.0,81.8
19.33,1248.0,82.4
19.7,796.0,46.3
17.5,1197.0,85.8
25.32,1198.0,77.0
28.4,1248.0,74.0
19.81,1086.0,68.05
16.95,1498.0,97.7
25.17,799.0,53.3
15.96,2523.0,62.1
18.5,1399.0,68.0
24.0,1120.0,70.0
23.65,1248.0,88.5
18.16,1196.0,86.8
22.74,796.0,47.3
19.02,1198.0,67.05
21.1,814.0,55.2
23.01,999.0,67.0
15.4,1497.0,117.3
20.54,1598.0,103.6
28.4,1248.0,74.02
22.54,1396.0,88.73
20.0,1399.0,68.0
14.0,2498.0,112.0
16.07,1995.0,181.0
17.0,1198.0,73.75
25.2,1248.0,74.0
13.87,1390.0,75.0
13.68,2393.0,147.8
23.2,1248.0,73.94
19.7,796.0,35.0
16.8,1497.0,116.3
19.09,1396.0,69.0
18.9,998.0,67.1
25.17,799.0,53.3
19.6,1461.0,108.45
20.14,1197.0,81.86
18.6,1197.0,81.83
11.36,2755.0,171.5
18.2,1199.0,88.7
20.77,1248.0,88.76
12.99,2494.0,100.0
21.79,998.0,67.05
17.01,1591.0,121.3
18.4,1248.0,75.0
12.05,2179.0,120.0
21.63,998.0,67.0
13.6,2523.0,63.0
20.45,1461.0,83.8
19.33,1248.0,82.4
22.54,1396.0,88.73
21.5,1497.0,108.5
18.8,1248.0,90.0
14.53,1798.0,138.0
24.8,1396.0,88.7
21.1,814.0,55.2
18.16,1196.0,86.8
17.6,2179.0,153.86
21.21,1197.0,81.8
14.3,1598.0,103.5
24.3,1248.0,88.5
17.92,1086.0,62.1
19.09,1396.0,69.0
22.0,1582.0,126.2
18.49,1493.0,100.0
19.33,1248.0,82.4
17.3,1998.0,163.7
18.9,998.0,67.1
28.09,1248.0,88.5
19.1,1197.0,85.8
15.5,1586.0,103.3
19.7,796.0,46.3
13.6,2523.0,63.0
12.99,2494.0,100.6
16.8,1493.0,110.0
20.86,1199.0,75.0
15.3,1193.0,65.3
23.1,998.0,67.04
23.95,998.0,67.05
18.1,1991.0,147.9
23.0,1498.0,98.96
20.36,1197.0,78.9
24.0,1120.0,70.0
23.59,1364.0,67.04
17.0,1198.0,108.5
21.1,814.0,55.2
15.26,1150.0,74.9
23.1,998.0,67.04
16.0,2179.0,140.0
15.96,2523.0,62.1
27.62,793.0,47.0
9.0,2997.0,218.0
14.1,2179.0,147.94
17.3,1497.0,117.3
22.07,1199.0,73.9
27.28,1047.0,69.0
23.2,1248.0,73.94
22.37,2487.0,214.56
17.8,1248.0,75.0
11.5,2982.0,171.0
17.0,1198.0,108.5
16.5,1493.0,70.0
16.78,1995.0,190.0
20.51,998.0,67.04
13.68,2393.0,147.8
23.1,998.0,67.04
19.4,1198.0,86.8
16.8,1405.0,62.0
20.77,1248.0,88.76
19.33,1248.0,82.4
19.7,796.0,46.3
17.5,1298.0,85.8
16.8,1405.0,62.0
25.32,1198.0,77.0
16.8,1497.0,116.3
16.8,796.0,34.2
10.8,2497.0,150.0
20.51,998.0,67.04
26.0,1498.0,98.6
16.1,796.0,37.0
21.64,1461.0,84.8
20.89,1197.0,81.8
17.43,1396.0,105.5
15.4,2179.0,120.0
16.8,1984.0,150.0
16.1,796.0,37.0
27.39,1248.0,74.0
13.4,1794.0,125.0
23.4,1248.0,74.0
16.78,1995.0,190.0
23.1,998.0,67.04
24.52,1248.0,88.5
24.52,1248.0,88.5
18.6,1197.0,81.83
15.96,2523.0,62.1
16.9,1197.0,82.0
22.74,796.0,47.3
16.1,796.0,37.0
19.33,1248.0,82.4
15.3,1596.0,101.0
18.5,1197.0,80.0
19.33,1248.0,82.4
17.8,1198.0,86.7
17.92,1086.0,62.1
16.78,1995.0,190.0
20.0,1399.0,68.0
19.33,1248.0,82.4
17.5,1896.0,106.0
19.7,796.0,46.3
20.92,998.0,67.1
21.1,814.0,55.2
21.66,1498.0,108.62
22.32,1582.0,126.32
19.1,1197.0,82.0
22.0,1197.0,81.8
13.93,2956.0,138.1
16.8,1493.0,110.0
18.78,999.0,75.0
13.6,1999.0,177.0
25.17,799.0,53.3
14.3,1598.0,103.5
17.5,1199.0,88.7
16.8,796.0,34.2
15.96,2523.0,62.1
17.4,1497.0,117.3
15.6,1497.0,116.3
15.0,1586.0,104.68
19.81,1086.0,68.05
13.6,2523.0,63.0
25.4,1186.0,73.97
17.01,1591.0,121.3
21.66,1498.0,108.62
26.59,1248.0,74.0
19.56,1197.0,81.8
22.74,796.0,47.3
25.17,799.0,53.3
12.05,2179.0,120.0
21.21,1197.0,81.8
20.77,1248.0,88.76
12.99,2494.0,100.57
17.8,1086.0,63.0
18.2,1199.0,88.7
23.84,1199.0,84.0
18.9,998.0,67.1
17.8,1399.0,67.0
28.09,1248.0,88.5
19.33,1248.0,82.4
19.81,1086.0,68.05
18.6,1197.0,81.83
15.96,2523.0,62.1
16.55,2498.0,105.0
24.4,1120.0,71.0
21.38,1396.0,88.7
13.68,2393.0,147.8
25.44,936.0,57.6
22.54,1396.0,88.73
22.69,1995.0,190.0
23.0,1396.0,90.0
22.54,1396.0,88.73
18.49,1493.0,100.0
17.8,1248.0,75.0
22.3,1248.0,74.0
21.0,1498.0,74.96
20.62,1198.0,67.0
11.74,2987.0,254.8
12.8,2494.0,102.0
21.66,1498.0,108.62
13.5,1799.0,130.0
28.4,1248.0,74.02
19.7,796.0,46.3
21.19,1396.0,88.73
16.1,796.0,37.0
13.6,2523.0,63.0
20.77,1248.0,88.8
20.92,998.0,67.1
28.4,1248.0,74.02
12.9,2755.0,174.5
22.15,1498.0,108.6
21.66,1498.0,103.52
15.96,2523.0,62.1
17.8,1497.0,117.3
12.8,2494.0,102.0
23.01,999.0,67.0
18.6,1199.0,79.4
22.7,1498.0,89.84
18.0,995.0,62.0
19.33,1248.0,82.4
19.67,1582.0,126.2
18.9,1197.0,81.86
22.74,796.0,47.3
18.9,1197.0,81.86
17.8,1248.0,75.0
19.33,1248.0,82.4
23.08,1461.0,63.1
22.74,796.0,47.3
16.2,1493.0,110.0
22.32,1582.0,126.3
11.36,2755.0,171.5
23.95,998.0,67.05
19.33,1248.0,82.4
21.5,1497.0,108.5
18.1,1493.0,110.0
21.1,814.0,55.2
23.95,998.0,67.05
19.33,1248.0,82.4
18.2,1199.0,82.4
19.33,1248.0,82.4
12.99,2494.0,100.6
11.7,1796.0,178.0
23.0,1396.0,90.0
20.0,1399.0,68.1
24.3,1248.0,88.5
26.59,1248.0,74.0
16.55,2498.0,105.0
20.4,1197.0,81.8
19.33,1248.0,82.4
16.07,1995.0,181.0
15.29,1591.0,121.3
18.16,1196.0,86.8
22.0,1197.0,81.8
17.0,1497.0,118.0
20.46,1461.0,83.8
14.02,2179.0,118.3
22.74,796.0,47.3
10.75,2694.0,163.7
15.6,1196.0,70.0
17.01,1591.0,121.3
28.4,1248.0,74.02
22.95,1248.0,74.0
21.4,1197.0,83.1
21.02,1248.0,88.76
25.2,1248.0,74.0
18.9,1061.0,67.0
18.9,1197.0,81.86
16.84,1193.0,64.4
20.51,998.0,67.0
19.81,1086.0,68.05
17.8,1248.0,75.0
27.4,1498.0,98.63
22.32,1582.0,126.3
17.0,2200.0,139.01
16.6,1197.0,85.0
13.1,2499.0,141.0
24.0,1120.0,70.0
18.49,1493.0,100.0
21.19,1396.0,88.73
16.1,796.0,37.0
18.9,1197.0,81.86
20.85,1197.0,83.14
23.65,1248.0,88.5
24.3,1248.0,88.5
21.21,1197.0,81.8
18.9,998.0,67.1
20.89,1197.0,81.8
22.32,1582.0,126.32
23.4,1248.0,74.0
0.0,2987.0,165.0
24.0,1199.0,83.81
19.81,1086.0,68.05
17.8,1248.0,75.0
21.5,1248.0,88.8
0.0,1086.0,62.0
26.59,1248.0,74.0
21.5,1248.0,88.8
19.62,1998.0,190.0
23.95,998.0,67.05
0.0,1086.0,62.1
26.21,1248.0,88.5
10.5,2179.0,120.0
16.2,1493.0,110.0
20.63,1198.0,67.0
21.4,1197.0,83.1
16.47,1198.0,73.9
22.74,796.0,47.3
18.76,1462.0,103.26
15.1,2179.0,140.0
18.9,1197.0,82.0
24.0,1186.0,73.97
19.7,796.0,46.3
15.96,2523.0,62.1
23.4,1248.0,74.0
21.9,1396.0,90.0
16.0,2179.0,140.0
21.79,998.0,67.05
18.2,1199.0,82.4
17.8,1248.0,75.0
22.54,1396.0,88.76
20.77,1248.0,88.76
17.6,2179.0,153.86
12.99,2494.0,100.0
17.8,1399.0,68.0
10.5,2609.0,120.0
24.0,1186.0,73.97
19.87,1461.0,83.8
20.54,1598.0,103.6
19.7,796.0,46.3
13.6,2523.0,63.0
25.4,1186.0,73.97
25.1,1248.0,88.5
19.3,1968.0,141.0
25.83,1498.0,99.0
21.5,1497.0,108.5
25.47,1248.0,88.5
14.1,2179.0,147.94
21.13,1498.0,108.6
21.1,814.0,55.2
22.07,1199.0,73.9
16.1,796.0,37.0
28.4,1248.0,74.02
24.0,1186.0,73.97
18.9,1197.0,82.0
19.81,1086.0,68.05
18.25,1968.0,187.74
18.2,1248.0,73.74
23.0,1498.0,98.96
20.51,998.0,67.04
14.28,1798.0,138.03
25.0,1396.0,69.01
20.14,1498.0,88.5
23.95,998.0,67.1
25.5,1498.0,98.6
19.0,1194.0,94.68
19.1,1197.0,82.0
21.43,1364.0,87.2
19.5,1248.0,75.0
20.51,998.0,67.04
23.08,1461.0,63.12
17.8,1399.0,68.0
18.49,1493.0,100.0
15.1,2179.0,140.0
22.0,1197.0,81.8
22.07,1199.0,73.9
23.2,1248.0,73.94
18.9,998.0,67.1
23.4,1248.0,74.0
11.57,2179.0,138.1
24.0,1120.0,70.0
18.8,1248.0,90.0
16.8,796.0,34.2
17.8,1248.0,75.0
16.1,796.0,37.0
19.1,1197.0,82.0
20.0,1399.0,68.0
19.16,2494.0,157.7
17.0,1198.0,108.5
25.1,1248.0,88.5
22.48,1995.0,187.74
28.4,1248.0,74.02
23.01,999.0,67.0
21.1,1197.0,85.8
25.4,624.0,37.5
15.96,2523.0,63.0
24.52,1248.0,88.5
15.96,2523.0,62.1
18.9,1197.0,82.0
21.1,814.0,55.2
18.9,998.0,67.1
15.96,2523.0,63.0
20.92,998.0,67.1
14.02,2179.0,118.3
21.1,814.0,55.2
21.9,1396.0,88.76
12.99,2494.0,100.6
12.99,2494.0,100.6
22.0,1197.0,81.8
19.81,1086.0,68.05
18.9,1197.0,81.86
13.38,2993.0,265.0
21.7,1498.0,98.96
23.59,1364.0,67.1
22.0,1197.0,81.8
14.3,1598.0,103.5
17.8,1497.0,117.3
15.96,2523.0,63.0
23.2,1248.0,73.94
15.96,2523.0,62.1
27.39,1248.0,74.0
20.77,1248.0,88.76
18.0,1497.0,117.6
17.3,1061.0,64.0
28.09,1248.0,88.5
21.1,814.0,55.2
19.33,1248.0,82.4
15.0,1598.0,103.5
21.19,1396.0,88.73
19.33,1999.0,177.0
12.62,2198.0,158.0
12.8,2494.0,102.0
17.6,2179.0,147.94
21.12,1248.0,88.8
19.33,1248.0,82.4
17.8,1399.0,67.0
21.1,814.0,55.2
21.4,1197.0,83.1
11.5,1991.0,147.9
24.3,1248.0,88.5
22.0,1197.0,81.8
28.09,1248.0,88.5
28.4,1248.0,74.02
12.83,1999.0,148.31
20.36,1197.0,78.9
20.51,998.0,67.04
20.77,1248.0,88.76
22.37,2487.0,214.56
21.4,1197.0,83.1
